no.,component-name-2,component-symbol,CAS,MW,Tc,Pc_0,Pc,Vc_0,Vc,Zc,w
-,-,-,-,g/mol,K,MPa,bar,m^3/kmol,cm^3/mol,-,-
1,acetaldehyde,C2H4O,75-07-0,44.053,466,5.55,55.5,0.154,154,0.221,0.2907
2,acetamide,C2H5NO,60-35-5,59.067,761,6.6,66,0.215,215,0.224,0.421
3,acetic-acid,C2H4O2,64-19-7,60.052,591.95,5.786,57.86,0.177,177,0.208,0.4665
4,acetic-anhydride,C4H6O3,108-24-7,102.089,606,4,40,0.29,290,0.23,0.4535
5,acetone,C3H6O,67-64-1,58.079,508.2,4.701,47.01,0.209,209,0.233,0.3065
6,acetonitrile,C2H3N,1975-05-08,41.052,545.5,4.83,48.3,0.173,173,0.184,0.3379
7,acetylene,C2H2,74-86-2,26.037,308.3,6.138,61.38,0.112,112,0.268,0.1912
8,acrolein,C3H4O,107-02-8,56.063,506,5,50,0.197,197,0.234,0.3198
9,acrylic-acid,C3H4O2,1979-10-07,72.063,615,5.66,56.6,0.208,208,0.23,0.5383
10,acrylonitrile,C3H3N,107-13-1,53.063,535,4.48,44.8,0.212,212,0.214,0.3498
11,air,Mixture,132259-10-0,28.96,132.45,3.774,37.74,0.09147,91.47,0.313,0
12,ammonia,H3N,7664-41-7,17.031,405.65,11.28,112.8,0.07247,72.47,0.242,0.2526
13,anisole,C7H8O,100-66-3,108.138,645.6,4.25,42.5,0.337,337,0.267,0.3502
14,argon,Ar,7440-37-1,39.948,150.86,4.898,48.98,0.07459,74.59,0.291,0
15,benzamide,C7H7NO,55-21-0,121.137,824,5.05,50.5,0.346,346,0.255,0.5585
16,benzene,C6H6,71-43-2,78.112,562.05,4.895,48.95,0.256,256,0.268,0.2103
17,benzenethiol,C6H6S,108-98-5,110.177,689,4.74,47.4,0.315,315,0.261,0.2628
18,benzoic-acid,C7H6O2,65-85-0,122.121,751,4.47,44.7,0.344,344,0.246,0.6028
19,benzonitrile,C7H5N,100-47-0,103.121,699.35,4.215,42.15,0.3132,313.2,0.227,0.3662
20,benzophenone,C13H10O,119-61-9,182.218,830,3.352,33.52,0.5677,567.7,0.276,0.5019
21,benzyl-alcohol,C7H8O,100-51-6,108.138,720.15,4.374,43.74,0.382,382,0.279,0.3631
22,benzyl-ethyl-ether,C9H12O,539-30-0,136.191,662,3.11,31.1,0.442,442,0.25,0.4332
23,benzyl-mercaptan,C7H8S,100-53-8,124.203,718,4.06,40.6,0.367,367,0.25,0.3126
24,biphenyl,C12H10,92-52-4,154.208,773,3.38,33.8,0.497,497,0.261,0.4029
25,bromine,Br2,7726-95-6,159.808,584.15,10.3,103,0.135,135,0.286,0.129
26,bromobenzene,C6H5Br,108-86-1,157.008,670.15,4.519,45.19,0.324,324,0.263,0.2506
27,bromoethane,C2H5Br,74-96-4,108.965,503.8,6.23,62.3,0.215,215,0.32,0.2548
28,bromomethane,CH3Br,74-83-9,94.939,467,8,80,0.156,156,0.321,0.1922
29,"1,2-butadiene",C4H6,590-19-2,54.09,452,4.36,43.6,0.22,220,0.255,0.1659
30,"1,3-butadiene",C4H6,106-99-0,54.09,425,4.32,43.2,0.221,221,0.27,0.195
31,butane,C4H10,106-97-8,58.122,425.12,3.796,37.96,0.255,255,0.274,0.2002
32,"1,2-butanediol",C4H10O2,584-03-2,90.121,680,5.21,52.1,0.303,303,0.279,0.6305
33,"1,3-butanediol",C4H10O2,107-88-0,90.121,676,4.02,40.2,0.305,305,0.218,0.7043
34,1-butanol,C4H10O,71-36-3,74.122,563.1,4.414,44.14,0.273,273,0.258,0.5883
35,2-butanol,C4H10O,78-92-2,74.122,535.9,4.188,41.88,0.27,270,0.254,0.5692
36,1-butene,C4H8,106-98-9,56.106,419.5,4.02,40.2,0.241,241,0.278,0.1845
37,cis-2-butene,C4H8,590-18-1,56.106,435.5,4.21,42.1,0.234,234,0.272,0.2019
38,trans-2-butene,C4H8,624-64-6,56.106,428.6,4.1,41,0.238,238,0.274,0.2176
39,butyl-acetate,C6H12O2,123-86-4,116.158,575.4,3.09,30.9,0.389,389,0.251,0.4394
40,butylbenzene,C10H14,104-51-8,134.218,660.5,2.89,28.9,0.497,497,0.262,0.3941
41,butyl-mercaptan,C4H10S,109-79-5,90.187,570.1,3.97,39.7,0.307,307,0.257,0.2714
42,sec-butyl-mercaptan,C4H10S,513-53-1,90.187,554,4.06,40.6,0.307,307,0.271,0.2506
43,1-butyne,C4H6,107-00-6,54.09,440,4.6,46,0.208,208,0.262,0.247
44,butyraldehyde,C4H8O,123-72-8,72.106,537.2,4.32,43.2,0.258,258,0.25,0.2774
45,butyric-acid,C4H8O2,107-92-6,88.105,615.7,4.06,40.6,0.293,293,0.232,0.6805
46,butyronitrile,C4H7N,109-74-0,69.105,582.25,3.79,37.9,0.278,278,0.218,0.3714
47,carbon-dioxide,CO2,124-38-9,44.01,304.21,7.383,73.83,0.094,94,0.274,0.2236
48,carbon-disulfide,CS2,75-15-0,76.141,552,7.9,79,0.16,160,0.275,0.1107
49,carbon-monoxide,CO,630-08-0,28.01,132.92,3.499,34.99,0.0944,94.4,0.299,0.0482
50,carbon-tetrachloride,CCl4,56-23-5,153.823,556.35,4.56,45.6,0.276,276,0.272,0.1926
51,carbon-tetrafluoride,CF4,75-73-0,88.004,227.51,3.745,37.45,0.143,143,0.283,0.179
52,chlorine,Cl2,7782-50-5,70.906,417.15,7.71,77.1,0.124,124,0.276,0.0688
53,chlorobenzene,C6H5Cl,108-90-7,112.557,632.35,4.519,45.19,0.308,308,0.265,0.2499
54,chloroethane,C2H5Cl,75-00-3,64.514,460.35,5.27,52.7,0.2,200,0.275,0.1902
55,chloroform,CHCl3,67-66-3,119.378,536.4,5.472,54.72,0.239,239,0.293,0.2219
56,chloromethane,CH3Cl,74-87-3,50.488,416.25,6.68,66.8,0.143,143,0.276,0.1531
57,1-chloropropane,C3H7Cl,540-54-5,78.541,503.15,4.58,45.8,0.247,247,0.27,0.2277
58,2-chloropropane,C3H7Cl,75-29-6,78.541,489,4.54,45.4,0.247,247,0.276,0.1986
59,m-cresol,C7H8O,108-39-4,108.138,705.85,4.56,45.6,0.312,312,0.242,0.448
60,o-cresol,C7H8O,95-48-7,108.138,697.55,5.01,50.1,0.282,282,0.244,0.4339
61,p-cresol,C7H8O,106-44-5,108.138,704.65,5.15,51.5,0.277,277,0.244,0.5072
62,cumene,C9H12,98-82-8,120.192,631,3.209,32.09,0.434,434,0.265,0.3274
63,cyanogen,C2N2,460-19-5,52.035,400.15,5.98,59.8,0.195,195,0.351,0.279
64,cyclobutane,C4H8,287-23-0,56.106,459.93,4.98,49.8,0.21,210,0.273,0.1847
65,cyclohexane,C6H12,110-82-7,84.159,553.8,4.08,40.8,0.308,308,0.273,0.2081
66,cyclohexanol,C6H12O,108-93-0,100.159,650.1,4.26,42.6,0.322,322,0.254,0.369
67,cyclohexanone,C6H10O,108-94-1,98.143,653,4,40,0.311,311,0.229,0.299
68,cyclohexene,C6H10,110-83-8,82.144,560.4,4.35,43.5,0.291,291,0.272,0.2123
69,cyclopentane,C5H10,287-92-3,70.133,511.7,4.51,45.1,0.26,260,0.276,0.1949
70,cyclopentene,C5H8,142-29-0,68.117,507,4.8,48,0.245,245,0.279,0.1961
71,cyclopropane,C3H6,75-19-4,42.08,398,5.54,55.4,0.162,162,0.271,0.1278
72,cyclohexyl-mercaptan,C6H12S,1569-69-3,116.224,664,3.97,39.7,0.355,355,0.255,0.2641
73,decanal,C10H20O,112-31-2,156.265,674.2,2.6,26,0.58,580,0.269,0.582
74,decane,C10H22,124-18-5,142.282,617.7,2.11,21.1,0.617,617,0.254,0.4923
75,decanoic-acid,C10H20O2,334-48-5,172.265,722.1,2.28,22.8,0.639,639,0.243,0.8126
76,1-decanol,C10H22O,112-30-1,158.281,688,2.308,23.08,0.645,645,0.26,0.607
77,1-decene,C10H20,872-05-9,140.266,616.6,2.223,22.23,0.584,584,0.253,0.4805
78,decyl-mercaptan,C10H22S,143-10-2,174.347,696,2.13,21.3,0.624,624,0.23,0.5874
79,1-decyne,C10H18,764-93-2,138.25,619.85,2.37,23.7,0.552,552,0.254,0.5178
80,deuterium,D2,7782-39-0,4.032,38.35,1.6617,16.617,0.060263,60.263,0.314,?0.1449
81,"1,1-dibromoethane",C2H4Br2,557-91-5,187.861,628,6.03,60.3,0.276,276,0.319,0.125
82,"1,2-dibromoethane",C2H4Br2,106-93-4,187.861,650.15,5.477,54.77,0.2616,261.6,0.265,0.2067
83,dibromomethane,CH2Br2,74-95-3,173.835,611,7.17,71.7,0.223,223,0.315,0.2095
84,dibutyl-ether,C8H18O,142-96-1,130.228,584.1,2.46,24.6,0.487,487,0.247,0.4476
85,m-dichlorobenzene,C6H4Cl2,541-73-1,147.002,683.95,4.07,40.7,0.351,351,0.251,0.279
86,o-dichlorobenzene,C6H4Cl2,95-50-1,147.002,705,4.07,40.7,0.351,351,0.244,0.2192
87,p-dichlorobenzene,C6H4Cl2,106-46-7,147.002,684.75,4.07,40.7,0.351,351,0.251,0.2846
88,"1,1-dichloroethane",C2H4Cl2,75-34-3,98.959,523,5.07,50.7,0.24,240,0.28,0.2339
89,"1,2-dichloroethane",C2H4Cl2,107-06-2,98.959,561.6,5.37,53.7,0.22,220,0.253,0.2866
90,dichloromethane,CH2Cl2,1975-09-02,84.933,510,6.08,60.8,0.185,185,0.265,0.1986
91,"1,1-dichloropropane",C3H6Cl2,78-99-9,112.986,560,4.24,42.4,0.291,291,0.265,0.2529
92,"1,2-dichloropropane",C3H6Cl2,78-87-5,112.986,572,4.24,42.4,0.291,291,0.259,0.2564
93,diethanol-amine,C4H11NO2,111-42-2,105.136,736.6,4.27,42.7,0.349,349,0.243,0.9529
94,diethyl-amine,C4H11N,109-89-7,73.137,496.6,3.71,37.1,0.301,301,0.27,0.3039
95,diethyl-ether,C4H10O,60-29-7,74.122,466.7,3.64,36.4,0.28,280,0.263,0.2811
96,diethyl-sulfide,C4H10S,352-93-2,90.187,557.15,3.96,39.6,0.318,318,0.272,0.29
97,"1,1-difluoroethane",C2H4F2,75-37-6,66.05,386.44,4.52,45.2,0.179,179,0.252,0.2751
98,"1,2-difluoroethane",C2H4F2,624-72-6,66.05,445,4.34,43.4,0.195,195,0.229,0.2224
99,difluoromethane,CH2F2,1975-10-05,52.023,351.255,5.784,57.84,0.123,123,0.244,0.2771
100,di-isopropyl-amine,C6H15N,108-18-9,101.19,523.1,3.2,32,0.418,418,0.308,0.3883
101,di-isopropyl-ether,C6H14O,108-20-3,102.175,500.05,2.88,28.8,0.386,386,0.267,0.3387
102,di-isopropyl-ketone,C7H14O,565-80-0,114.185,576,3.02,30.2,0.416,416,0.262,0.4044
103,"1,1-dimethoxyethane",C4H10O2,534-15-6,90.121,507.8,3.773,37.73,0.297,297,0.265,0.3277
104,"1,2-dimethoxypropane",C5H12O2,7778-85-0,104.148,543,3.446,34.46,0.35,350,0.267,0.3522
105,dimethyl-acetylene,C4H6,503-17-3,54.09,473.2,4.87,48.7,0.221,221,0.274,0.2385
106,dimethyl-amine,C2H7N,124-40-3,45.084,437.2,5.34,53.4,0.18,180,0.264,0.2999
107,"2,3-dimethylbutane",C6H14,79-29-8,86.175,500,3.15,31.5,0.361,361,0.274,0.2493
108,"1,1-dimethylcyclohexane",C8H16,590-66-9,112.213,591.15,2.938,29.38,0.45,450,0.269,0.2326
109,"cis-1,2-dimethylcyclohexane",C8H16,2207-01-04,112.213,606.15,2.938,29.38,0.46,460,0.268,0.2324
110,"trans-1,2-dimethylcyclohexane",C8H16,6876-23-9,112.213,596.15,2.938,29.38,0.46,460,0.273,0.2379
111,dimethyl-disulfide,C2H6S2,624-92-0,94.199,615,5.36,53.6,0.252,252,0.264,0.2059
112,dimethyl-ether,C2H6O,115-10-6,46.068,400.1,5.37,53.7,0.17,170,0.2744,0.2002
113,"n,n-dimethyl-formamide",C3H7NO,1968-12-02,73.094,649.6,4.42,44.2,0.26199,261.99,0.214,0.3177
114,"2,3-dimethylpentane",C7H16,565-59-3,100.202,537.3,2.91,29.1,0.393,393,0.256,0.2964
115,dimethyl-phthalate,C10H10O4,131-11-3,194.184,766,2.78,27.8,0.53,530,0.231,0.6568
116,dimethylsilane,C2H8Si,1111-74-6,60.17,402,3.56,35.6,0.258,258,0.275,0.13
117,dimethyl-sulfide,C2H6S,75-18-3,62.134,503.04,5.53,55.3,0.201,201,0.266,0.1943
118,dimethyl-sulfoxide,C2H6OS,67-68-5,78.133,729,5.65,56.5,0.227,227,0.212,0.2806
119,dimethyl-terephthalate,C10H10O4,120-61-6,194.184,772,2.78,27.8,0.529,529,0.229,0.6371
120,"1,4-dioxane",C4H8O2,123-91-1,88.105,587,5.208,52.08,0.238,238,0.254,0.2793
121,diphenyl-ether,C12H10O,101-84-8,170.207,766.8,3.08,30.8,0.503,503,0.243,0.4389
122,dipropyl-amine,C6H15N,142-84-7,101.19,550,3.14,31.4,0.402,402,0.276,0.4497
123,dodecane,C12H26,112-40-3,170.335,658,1.82,18.2,0.755,755,0.251,0.5764
124,eicosane,C20H42,112-95-8,282.547,768,1.16,11.6,1.34,1340,0.243,0.9069
125,ethane,C2H6,74-84-0,30.069,305.32,4.872,48.72,0.1455,145.5,0.279,0.0995
126,ethanol,C2H6O,64-17-5,46.068,514,6.137,61.37,0.168,168,0.241,0.6436
127,ethyl-acetate,C4H8O2,141-78-6,88.105,523.3,3.88,38.8,0.286,286,0.255,0.3664
128,ethyl-amine,C2H7N,1975-04-07,45.084,456.15,5.62,56.2,0.207,207,0.307,0.2848
129,ethylbenzene,C8H10,100-41-4,106.165,617.15,3.609,36.09,0.374,374,0.263,0.3035
130,ethyl-benzoate,C9H10O2,93-89-0,150.175,698,3.18,31.8,0.489,489,0.268,0.4771
131,2-ethyl-butanoic-acid,C6H12O2,1988-09-05,116.158,655,3.41,34.1,0.389,389,0.244,0.6326
132,ethyl-butyrate,C6H12O2,105-54-4,116.158,571,2.95,29.5,0.403,403,0.25,0.4011
133,ethylcyclohexane,C8H16,1678-91-7,112.213,609.15,3.04,30.4,0.43,430,0.258,0.2455
134,ethylcyclopentane,C7H14,1640-89-7,98.186,569.5,3.4,34,0.375,375,0.269,0.2701
135,ethylene,C2H4,74-85-1,28.053,282.34,5.041,50.41,0.131,131,0.281,0.0862
136,ethylenediamine,C2H8N2,107-15-3,60.098,593,6.29,62.9,0.264,264,0.337,0.4724
137,ethylene-glycol,C2H6O2,107-21-1,62.068,720,8.2,82,0.191,191,0.262,0.5068
138,ethyleneimine,C2H5N,151-56-4,43.068,537,6.85,68.5,0.173,173,0.265,0.2007
139,ethylene-oxide,C2H4O,75-21-8,44.053,469.15,7.19,71.9,0.140296,140.296,0.25876,0.1974
140,ethyl-formate,C3H6O2,109-94-4,74.079,508.4,4.74,47.4,0.229,229,0.257,0.2847
141,2-ethyl-hexanoic-acid,C8H16O2,149-57-5,144.211,674.6,2.778,27.78,0.528,528,0.262,0.8067
142,ethylhexyl-ether,C8H18O,5756-43-4,130.228,583,2.46,24.6,0.487,487,0.247,0.4944
143,ethylisopropyl-ether,C5H12O,625-54-7,88.148,489,3.41,34.1,0.329,329,0.276,0.3056
144,ethylisopropyl-ketone,C6H12O,565-69-5,100.159,567,3.32,33.2,0.369,369,0.26,0.3891
145,ethyl-mercaptan,C2H6S,1975-08-01,62.134,499.15,5.49,54.9,0.207,207,0.274,0.1878
146,ethyl-propionate,C5H10O2,105-37-3,102.132,546,3.362,33.62,0.345,345,0.256,0.3944
147,ethylpropyl-ether,C5H12O,628-32-0,88.148,500.23,3.37,33.7,0.339,339,0.275,0.3473
148,ethyltrichlorosilane,C2H5Cl3Si,115-21-9,163.506,559.95,3.33,33.3,0.414,414,0.296,0.2691
149,fluorine,F2,7782-41-4,37.997,144.12,5.172,51.72,0.066547,66.547,0.287,0.053
150,fluorobenzene,C6H5F,462-06-6,96.102,560.09,4.551,45.51,0.269,269,0.263,0.2472
151,fluoroethane,C2H5F,353-36-6,48.06,375.31,5.028,50.28,0.164,164,0.264,0.22
152,fluoromethane,CH3F,593-53-3,34.033,317.42,5.875,58.75,0.113,113,0.252,0.198
153,formaldehyde,CH2O,50-00-0,30.026,408,6.59,65.9,0.115,115,0.223,0.2818
154,formamide,CH3NO,1975-12-07,45.041,771,7.8,78,0.163,163,0.198,0.4124
155,formic-acid,CH2O2,64-18-6,46.026,588,5.81,58.1,0.125,125,0.149,0.3173
156,furan,C4H4O,110-00-9,68.074,490.15,5.5,55,0.218,218,0.294,0.2015
157,helium-4,He,7440-59-7,4.003,5.2,0.2275,2.275,0.0573,57.3,0.302,?0.3900
158,heptadecane,C17H36,629-78-7,240.468,736,1.34,13.4,1.11,1110,0.244,0.7697
159,heptanal,C7H14O,111-71-7,114.185,616.8,3.16,31.6,0.434,434,0.267,0.4279
160,heptane,C7H16,142-82-5,100.202,540.2,2.74,27.4,0.428,428,0.261,0.3495
161,heptanoic-acid,C7H14O2,111-14-8,130.185,677.3,3.043,30.43,0.466,466,0.252,0.7564
162,1-heptanol,C7H16O,111-70-6,116.201,632.3,3.085,30.85,0.444,444,0.261,0.5621
163,2-heptanol,C7H16O,543-49-7,116.201,608.3,3.001,30.01,0.447,447,0.265,0.5628
164,3-heptanone,C7H14O,106-35-4,114.185,606.6,2.92,29.2,0.433,433,0.251,0.4076
165,2-heptanone,C7H14O,110-43-0,114.185,611.4,2.94,29.4,0.434,434,0.251,0.419
166,1-heptene,C7H14,592-76-7,98.186,537.4,2.92,29.2,0.402,402,0.263,0.3432
167,heptyl-mercaptan,C7H16S,1639-09-4,132.267,645,2.77,27.7,0.465,465,0.24,0.4226
168,1-heptyne,C7H12,628-71-7,96.17,547,3.21,32.1,0.387,387,0.273,0.3778
169,hexadecane,C16H34,544-76-3,226.441,723,1.4,14,1.04,1040,0.243,0.7174
170,hexanal,C6H12O,66-25-1,100.159,591,3.46,34.6,0.369,369,0.26,0.3872
171,hexane,C6H14,110-54-3,86.175,507.6,3.025,30.25,0.371,371,0.266,0.3013
172,hexanoic-acid,C6H12O2,142-62-1,116.158,660.2,3.308,33.08,0.408,408,0.246,0.7299
173,1-hexanol,C6H14O,111-27-3,102.175,611.3,3.446,34.46,0.382,382,0.259,0.5586
174,2-hexanol,C6H14O,626-93-7,102.175,585.3,3.311,33.11,0.385,385,0.262,0.5574
175,2-hexanone,C6H12O,591-78-6,100.159,587.61,3.287,32.87,0.378,378,0.254,0.3846
176,3-hexanone,C6H12O,589-38-8,100.159,582.82,3.32,33.2,0.378,378,0.259,0.3801
177,1-hexene,C6H12,592-41-6,84.159,504,3.21,32.1,0.348,348,0.267,0.2888
178,3-hexyne,C6H10,928-49-4,82.144,544,3.53,35.3,0.331,331,0.258,0.2183
179,hexyl-mercaptan,C6H14S,111-31-9,118.24,623,3.08,30.8,0.412,412,0.245,0.3681
180,1-hexyne,C6H10,693-02-7,82.144,516.2,3.62,36.2,0.322,322,0.272,0.3327
181,2-hexyne,C6H10,764-35-2,82.144,549,3.53,35.3,0.331,331,0.256,0.2214
182,hydrazine,H4N2,302-01-2,32.045,653.15,14.7,147,0.158,158,0.428,0.3143
183,hydrogen,H2,1333-74-0,2.016,33.19,1.313,13.13,0.064147,64.147,0.305,-0.216
184,hydrogen-bromide,HBr,10035-10-6,80.912,363.15,8.552,85.52,0.1,100,0.283,0.0734
185,hydrogen-chloride,HCl,7647-01-0,36.461,324.65,8.31,83.1,0.081,81,0.249,0.1315
186,hydrogen-cyanide,CHN,74-90-8,27.025,456.65,5.39,53.9,0.139,139,0.197,0.4099
187,hydrogen-fluoride,HF,7664-39-3,20.006,461.15,6.48,64.8,0.069,69,0.117,0.3823
188,hydrogen-sulfide,H2S,7783-06-04,34.081,373.53,8.963,89.63,0.0985,98.5,0.284,0.0942
189,isobutyric-acid,C4H8O2,79-31-2,88.105,605,3.7,37,0.292,292,0.215,0.6141
190,isopropyl-amine,C3H9N,75-31-0,59.11,471.85,4.54,45.4,0.221,221,0.256,0.2759
191,malonic-acid,C3H4O4,141-82-2,104.061,805,5.64,56.4,0.258,258,0.217,0.9418
192,methacrylic-acid,C4H6O2,79-41-4,86.089,662,4.79,47.9,0.28,280,0.244,0.3318
193,methane,CH4,74-82-8,16.042,190.564,4.599,45.99,0.0986,98.6,0.286,0.0115
194,methanol,CH4O,67-56-1,32.042,512.5,8.084,80.84,0.117,117,0.222,0.5658
195,n-methyl-acetamide,C3H7NO,79-16-3,73.094,718,4.98,49.8,0.267,267,0.223,0.4351
196,methyl-acetate,C3H6O2,79-20-9,74.079,506.55,4.75,47.5,0.228,228,0.257,0.3313
197,methyl-acetylene,C3H4,74-99-7,40.064,402.4,5.63,56.3,0.164,164,0.276,0.2115
198,methyl-acrylate,C4H6O2,96-33-3,86.089,536,4.25,42.5,0.27,270,0.258,0.3423
199,methyl-amine,CH5N,74-89-5,31.057,430.05,7.46,74.6,0.154,154,0.321,0.2814
200,methyl-benzoate,C8H8O2,93-58-3,136.148,693,3.59,35.9,0.436,436,0.272,0.4205
201,"3-methyl-1,2-butadiene",C5H8,598-25-4,68.117,490,3.83,38.3,0.291,291,0.274,0.1874
202,2-methylbutane,C5H12,78-78-4,72.149,460.4,3.38,33.8,0.306,306,0.27,0.2279
203,2-methylbutanoic,acid,C5H10O2,116-53-0,102.132,643,6430,3.89,3890,0.347,0.252
204,3-methyl-1-butanol,C5H12O,123-51-3,88.148,577.2,3.93,39.3,0.329,329,0.269,0.5939
205,2-methyl-1-butene,C5H10,563-46-2,70.133,465,3.447,34.47,0.292,292,0.26,0.2341
206,2-methyl-2-butene,C5H10,513-35-9,70.133,470,3.42,34.2,0.292,292,0.256,0.287
207,2-methyl-1-butene-3-yne,C5H6,78-80-8,66.101,492,4.38,43.8,0.248,248,0.266,0.137
208,methylbutyl-ether,C5H12O,628-28-4,88.148,512.74,3.371,33.71,0.329,329,0.26,0.313
209,methylbutyl-sulfide,C5H12S,628-29-5,104.214,593,3.47,34.7,0.36,360,0.253,0.3229
210,3-methyl-1-butyne,C5H8,598-23-2,68.117,463.2,4.2,42,0.275,275,0.3,0.3081
211,methyl-butyrate,C5H10O2,623-42-7,102.132,554.5,3.473,34.73,0.34,340,0.256,0.3775
212,methylchlorosilane,CH5ClSi,993-00-0,80.589,442,4.17,41.7,0.246,246,0.279,0.2252
213,methylcyclohexane,C7H14,108-87-2,98.186,572.1,3.48,34.8,0.369,369,0.27,0.2361
214,1-methylcyclohexanol,C7H14O,590-67-0,114.185,686,4,40,0.374,374,0.262,0.2213
215,cis-2-methylcyclohexanol,C7H14O,7443-70-1,114.185,614,3.79,37.9,0.374,374,0.278,0.6805
216,trans-2-methylcyclohexanol,C7H14O,7443-52-9,114.185,617,3.79,37.9,0.374,374,0.276,0.679
217,methylcyclopentane,C6H12,96-37-7,84.159,532.7,3.79,37.9,0.319,319,0.273,0.2288
218,1-methylcyclopentene,C6H10,693-89-0,82.144,542,4.13,41.3,0.303,303,0.278,0.2318
219,3-methylcyclopentene,C6H10,1120-62-3,82.144,526,4.13,41.3,0.303,303,0.286,0.2296
220,methyldichlorosilane,CH4Cl2Si,75-54-7,115.034,483,3.95,39.5,0.289,289,0.284,0.2758
221,methylethyl-ether,C3H8O,540-67-0,60.095,437.8,4.4,44,0.221,221,0.267,0.2314
222,methylethyl-ketone,C4H8O,78-93-3,72.106,535.5,4.15,41.5,0.267,267,0.249,0.3234
223,methylethyl-sulfide,C3H8S,624-89-5,76.161,533,4.26,42.6,0.254,254,0.244,0.2091
224,methyl-formate,C2H4O2,107-31-3,60.052,487.2,6,60,0.172,172,0.255,0.2556
225,methylisobutyl-ether,C5H12O,625-44-5,88.148,497,3.41,34.1,0.329,329,0.272,0.3078
226,methylisobutyl-ketone,C6H12O,108-10-1,100.159,574.6,3.27,32.7,0.369,369,0.253,0.3557
227,methyl-isocyanate,C2H3NO,624-83-9,57.051,488,5.48,54.8,0.202,202,0.273,0.3007
228,methylisopropyl-ether,C4H10O,598-53-8,74.122,464.48,3.762,37.62,0.276,276,0.269,0.2656
229,methylisopropyl-ketone,C5H10O,563-80-4,86.132,553.4,3.8,38,0.31,310,0.256,0.3208
230,methylisopropyl-sulfide,C4H10S,1551-21-9,90.187,553.1,4.021,40.21,0.328,328,0.28718,0.2461
231,methyl-mercaptan,CH4S,74-93-1,48.107,469.95,7.23,72.3,0.145,145,0.268,0.1582
232,methyl-methacrylate,C5H8O2,80-62-6,100.116,566,3.68,36.8,0.323,323,0.253,0.2802
233,2-methyloctanoic-acid,C9H18O2,3004-93-1,158.238,694,2.54,25.4,0.572,572,0.252,0.7913
234,2-methylpentane,C6H14,107-83-5,86.175,497.7,3.04,30.4,0.368,368,0.27,0.2791
235,methyl-pentyl-ether,C6H14O,628-80-8,102.175,546.49,3.042,30.42,0.38,380,0.254,0.3442
236,2-methylpropane,C4H10,75-28-5,58.122,407.8,3.64,36.4,0.259,259,0.278,0.1835
237,2-methyl-2-propanol,C4H10O,75-65-0,74.122,506.2,3.972,39.72,0.275,275,0.26,0.6152
238,2-methyl-propene,C4H8,115-11-7,56.106,417.9,4,40,0.239,239,0.275,0.1948
239,methyl-propionate,C4H8O2,554-12-1,88.105,530.6,4.004,40.04,0.282,282,0.256,0.3466
240,methylpropyl-ether,C4H10O,557-17-5,74.122,476.25,3.801,38.01,0.276,276,0.265,0.277
241,methylpropyl-sulfide,C4H10S,3877-15-4,90.187,565,3.97,39.7,0.307,307,0.259,0.2737
242,methylsilane,CH6Si,992-94-9,46.144,352.5,4.7,47,0.205,205,0.329,0.1314
243,alpha-methyl,styrene,C9H10,98-83-9,118.176,654,6540,3.36,3360,0.399,0.247
244,methyl-tert-butyl-ether,C5H12O,1634-04-4,88.148,497.1,3.287,32.87,0.314,314,0.25,0.2466
245,methyl-vinyl-ether,C3H6O,107-25-5,58.079,437,4.67,46.7,0.21,210,0.27,0.2416
246,naphthalene,C10H8,91-20-3,128.171,748.4,4.05,40.5,0.407,407,0.265,0.302
247,neon,Ne,7440-01-09,20.18,44.4,2.653,26.53,0.0417,41.7,0.3,-0.0396
248,nitroethane,C2H5NO2,79-24-3,75.067,593,5.16,51.6,0.236,236,0.247,0.3803
249,nitrogen,N2,7727-37-9,28.013,126.2,3.4,34,0.08921,89.21,0.289,0.0377
250,nitrogen-trifluoride,F3N,7783-54-2,71.002,234,4.461,44.61,0.11875,118.75,0.272,0.12
251,nitromethane,CH3NO2,75-52-5,61.04,588.15,6.31,63.1,0.173,173,0.223,0.348
252,nitrous-oxide,N2O,10024-97-2,44.013,309.57,7.245,72.45,0.0974,97.4,0.274,0.1409
253,nitric-oxide,NO,10102-43-9,30.006,180.15,6.48,64.8,0.058,58,0.251,0.5829
254,nonadecane,C19H40,629-92-5,268.521,758,1.21,12.1,1.26,1260,0.242,0.8522
255,nonanal,C9H18O,124-19-6,142.239,658,2.73,27.3,0.527,527,0.263,0.5117
256,nonane,C9H20,111-84-2,128.255,594.6,2.29,22.9,0.551,551,0.255,0.4435
257,nonanoic,acid,C9H18O2,112-05-0,158.238,710.7,7107,2.514,2514,0.584,0.248
258,1-nonanol,C9H20O,143-08-8,144.255,670.9,2.527,25.27,0.576,576,0.261,0.5841
259,2-nonanol,C9H20O,628-99-9,144.255,649.5,2.541,25.41,0.577,577,0.271,0.5911
260,1-nonene,C9H18,124-11-8,126.239,593.1,2.428,24.28,0.524,524,0.258,0.4367
261,nonyl-mercaptan,C9H20S,1455-21-6,160.32,681,2.31,23.1,0.571,571,0.233,0.526
262,1-nonyne,C9H16,3452-09-03,124.223,598.05,2.61,26.1,0.497,497,0.261,0.471
263,octadecane,C18H38,593-45-3,254.494,747,1.27,12.7,1.19,1190,0.243,0.8114
264,octanal,C8H16O,124-13-0,128.212,638.9,2.96,29.6,0.488,488,0.272,0.4636
265,octane,C8H18,111-65-9,114.229,568.7,2.49,24.9,0.486,486,0.256,0.3996
266,octanoic-acid,C8H16O2,124-07-2,144.211,694.26,2.779,27.79,0.523,523,0.252,0.7706
267,1-octanol,C8H18O,111-87-5,130.228,652.3,2.783,27.83,0.509,509,0.261,0.5697
268,2-octanol,C8H18O,123-96-6,130.228,629.8,2.749,27.49,0.512,512,0.269,0.5807
269,2-octanone,C8H16O,111-13-7,128.212,632.7,2.64,26.4,0.497,497,0.249,0.4549
270,3-octanone,C8H16O,106-68-3,128.212,627.7,2.704,27.04,0.497,497,0.257,0.4406
271,1-octene,C8H16,111-66-0,112.213,566.9,2.663,26.63,0.464,464,0.262,0.3921
272,octyl-mercaptan,C8H18S,111-88-6,146.294,667.3,2.52,25.2,0.518,518,0.235,0.4497
273,1-octyne,C8H14,629-05-0,110.197,574,2.88,28.8,0.442,442,0.267,0.4233
274,oxalic-acid,C2H2O4,144-62-7,90.035,804,7.02,70.2,0.205,205,0.215,0.9176
275,oxygen,O2,7782-44-7,31.999,154.58,5.043,50.43,0.0734,73.4,0.288,0.0222
276,ozone,O3,10028-15-6,47.998,261,5.57,55.7,0.089,89,0.228,0.2119
277,pentadecane,C15H32,629-62-9,212.415,708,1.48,14.8,0.969,969,0.244,0.6863
278,pentanal,C5H10O,110-62-3,86.132,566.1,3.97,39.7,0.313,313,0.264,0.3472
279,pentane,C5H12,109-66-0,72.149,469.7,3.37,33.7,0.313,313,0.27,0.2515
280,pentanoic-acid,C5H10O2,109-52-4,102.132,639.16,3.63,36.3,0.35,350,0.239,0.7052
281,1-pentanol,C5H12O,71-41-0,88.148,588.1,3.897,38.97,0.326,326,0.258,0.5748
282,2-pentanol,C5H12O,6032-29-7,88.148,561,3.7,37,0.326,326,0.259,0.5549
283,2-pentanone,C5H10O,107-87-9,86.132,561.08,3.694,36.94,0.301,301,0.238,0.3433
284,3-pentanone,C5H10O,96-22-0,86.132,560.95,3.74,37.4,0.336,336,0.269,0.3448
285,1-pentene,C5H10,109-67-1,70.133,464.8,3.56,35.6,0.293,293,0.27,0.2372
286,2-pentyl-mercaptan,C5H12S,2084-19-7,104.214,584.3,3.536,35.36,0.385,385,0.28,0.2685
287,pentyl-mercaptan,C5H12S,110-66-7,104.214,598,3.47,34.7,0.359,359,0.251,0.3207
288,1-pentyne,C5H8,627-19-0,68.117,481.2,4.17,41.7,0.277,277,0.289,0.2899
289,2-pentyne,C5H8,627-21-4,68.117,519,4.03,40.3,0.276,276,0.258,0.1752
290,phenanthrene,C14H10,1985-01-08,178.229,869,2.9,29,0.554,554,0.222,0.4707
291,phenol,C6H6O,108-95-2,94.111,694.25,6.13,61.3,0.229,229,0.243,0.4435
292,phenyl-isocyanate,C7H5NO,103-71-9,119.121,653,4.06,40.6,0.37,370,0.277,0.4123
293,phthalic-anhydride,C8H4O3,85-44-9,148.116,791,4.72,47.2,0.421,421,0.302,0.7025
294,propadiene,C3H4,463-49-0,40.064,394,5.25,52.5,0.165,165,0.264,0.1041
295,propane,C3H8,74-98-6,44.096,369.83,4.248,42.48,0.2,200,0.276,0.1523
296,1-propanol,C3H8O,71-23-8,60.095,536.8,5.169,51.69,0.219,219,0.254,0.6209
297,2-propanol,C3H8O,67-63-0,60.095,508.3,4.765,47.65,0.222,222,0.25,0.6544
298,propenylcyclohexene,C3H14,13511-13-2,122.207,636,3.12,31.2,0.437,437,0.258,0.342
299,propionaldehyde,C3H6O,123-38-6,58.079,504.4,4.92,49.2,0.204,204,0.239,0.2559
300,propionic,acid,C3H6O2,1979-09-04,74.079,600.81,6008.1,4.668,4668,0.235,0.22
301,propionitrile,C3H5N,107-12-0,55.079,564.4,4.18,41.8,0.229,229,0.204,0.3243
302,propyl-acetate,C5H10O2,109-60-4,102.132,549.73,3.36,33.6,0.345,345,0.254,0.3889
303,propyl-amine,C3H9N,107-10-8,59.11,496.95,4.74,47.4,0.26,260,0.298,0.2798
304,propylbenzene,C9H12,103-65-1,120.192,638.35,3.2,32,0.44,440,0.265,0.3444
305,propylene,C3H6,115-07-1,42.08,364.85,4.6,46,0.185,185,0.281,0.1376
306,propyl-formate,C4H8O2,110-74-7,88.105,538,4.02,40.2,0.285,285,0.256,0.3088
307,2-propyl-mercaptan,C3H8S,75-33-2,76.161,517,4.75,47.5,0.254,254,0.281,0.2138
308,propyl-mercaptan,C3H8S,107-03-9,76.161,536.6,4.63,46.3,0.254,254,0.264,0.2318
309,"1,2-propylene",glycol,C3H8O2,57-55-6,76.094,626,6260,6.1,6100,0.239,0.28
310,quinone,C6H4O2,106-51-4,108.095,683,5.96,59.6,0.291,291,0.305,0.4945
311,silicon-tetrafluoride,F4Si,7783-61-1,104.079,259,3.72,37.2,0.202,202,0.349,0.3858
312,styrene,C8H8,100-42-5,104.149,636,3.84,38.4,0.352,352,0.256,0.2971
313,succinic-acid,C4H6O4,110-15-6,118.088,806,4.71,47.1,0.317,317,0.223,0.9922
314,sulfur-dioxide,O2S,7446-09-05,64.064,430.75,7.884,78.84,0.122,122,0.269,0.2454
315,sulfur-hexafluoride,F6S,2551-62-4,146.055,318.69,3.76,37.6,0.19852,198.52,0.282,0.2151
316,sulfur-trioxide,O3S,7446-11-09,80.063,490.85,8.21,82.1,0.127,127,0.255,0.424
317,terephthalic-acid,C8H6O4,100-21-0,166.131,1113,3.95,39.5,0.424,424,0.181,1.0591
318,o-terphenyl,C18H14,84-15-1,230.304,857,2.99,29.9,0.731,731,0.307,0.5513
319,tetradecane,C14H30,629-59-4,198.388,693,1.57,15.7,0.897,897,0.244,0.643
320,tetrahydrofuran,C4H8O,109-99-9,72.106,540.15,5.19,51.9,0.224,224,0.259,0.2254
321,"1,2,3,4-tetrahydronaphthalene",C10H12,119-64-2,132.202,720,3.65,36.5,0.408,408,0.249,0.3353
322,tetrahydrothiophene,C4H8S,110-01-0,88.171,631.95,5.16,51.6,0.249,249,0.245,0.1996
323,"2,2,3,3-tetramethylbutane",C8H18,594-82-1,114.229,568,2.87,28.7,0.461,461,0.28,0.245
324,thiophene,C4H4S,110-02-1,84.14,579.35,5.69,56.9,0.219,219,0.259,0.197
325,toluene,C7H8,108-88-3,92.138,591.75,4.108,41.08,0.316,316,0.264,0.264
326,"1,1,2-trichloroethane",C2H3Cl3,79-00-5,133.404,602,4.48,44.8,0.281,281,0.252,0.2591
327,tridecane,C13H28,629-50-5,184.361,675,1.68,16.8,0.826,826,0.247,0.6174
328,triethyl-amine,C6H15N,121-44-8,101.19,535.15,3.04,30.4,0.39,390,0.266,0.3162
329,trimethyl-amine,C3H9N,75-50-3,59.11,433.25,4.07,40.7,0.254,254,0.287,0.2062
330,"1,2,3-trimethylbenzene",C9H12,526-73-8,120.192,664.5,3.454,34.54,0.414,414,0.259,0.3666
331,"1,2,4-trimethylbenzene",C9H12,95-63-6,120.192,649.1,3.232,32.32,0.43,430,0.258,0.3787
332,"2,2,4-trimethylpentane",C8H18,540-84-1,114.229,543.8,2.57,25.7,0.468,468,0.266,0.3035
333,"2,3,3-trimethylpentane",C8H18,560-21-4,114.229,573.5,2.82,28.2,0.455,455,0.269,0.2903
334,"1,3,5-trinitrobenzene",C6H3N3O6,99-35-4,213.105,846,3.39,33.9,0.479,479,0.231,0.8623
335,"2,4,6-trinitrotoluene",C7H5N3O6,118-96-7,227.131,828,3.04,30.4,0.572,572,0.253,0.8972
336,undecane,C11H24,1120-21-4,156.308,639,1.95,19.5,0.685,685,0.252,0.5303
337,1-undecanol,C11H24O,112-42-5,172.308,703.9,2.119,21.19,0.715,715,0.259,0.6236
338,vinyl-acetate,C4H6O2,108-05-4,86.089,519.13,3.958,39.58,0.27,270,0.248,0.3513
339,vinyl-acetylene,C4H4,689-97-4,52.075,454,4.86,48.6,0.205,205,0.264,0.1069
340,vinyl-chloride,C2H3Cl,1975-01-04,62.498,432,5.67,56.7,0.179,179,0.283,0.1001
341,vinyl-trichlorosilane,C2H3Cl3Si,75-94-5,161.49,543.15,3.06,30.6,0.408,408,0.276,0.2815
342,water,H2O,7732-18-5,18.015,647.096,22.064,220.64,0.0559472,55.9472,0.229,0.3449
343,m-xylene,C8H10,108-38-3,106.165,617,3.541,35.41,0.375,375,0.259,0.3265
344,o-xylene,C8H10,95-47-6,106.165,630.3,3.732,37.32,0.37,370,0.264,0.3101
345,p-xylene,C8H10,106-42-3,106.165,616.2,3.511,35.11,0.378,378,0.259,0.3218
