No.,Name,component-name,component-symbol,CAS,id,C1,C2,C3,C4,C5,T[min],P[Tmin],T[max],P[Tmax]
-,-,-,-,-,-,-,-,-,-,-,K,Pa,K,Pa
1,Acetaldehyde,acetaldehyde,C2H4O,75-07-0,eq2,193.69,-8036.70,-29.50,4.3678E-02,1,150.15,3.23E-01,466,5565000
2,Acetamide,acetamide,C2H5NO,60-35-5,eq2,125.81,-12376.00,-14.59,5.0824E-06,2,353.33,3.36E+02,761,6569000
3,Acetic-acid,acetic-acid,C2H4O2,64-19-7,eq2,53.27,-6304.50,-4.30,8.8865E-18,6,289.81,1.28E+03,591.95,5739000
4,Acetic-anhydride,acetic-anhydride,C4H6O3,108-24-7,eq2,100.95,-8873.20,-11.45,6.1316E-06,2,200.15,2.20E-02,606,3970000
5,Acetone,acetone,C3H6O,67-64-1,eq2,69.006,-5599.60,-7.10,6.2237E-06,2,178.45,2.79E+00,508.2,4709000
6,Acetonitrile,acetonitrile,C2H3N,75-05-8,eq2,58.302,-5385.60,-5.50,5.3634E-06,2,229.32,1.87E+02,545.5,4852000
7,Acetylene,acetylene,C2H2,74-86-2,eq2,39.63,-2552.20,-2.78,2.3930E-16,6,192.4,1.27E+05,308.3,6106000
8,Acrolein,acrolein,C3H4O,107-02-8,eq2,138.4,-7122.70,-19.64,2.6447E-02,1,185.45,1.03E+01,506,5020000
9,Acrylic-acid,acrylic-acid,C3H4O2,79-10-7,eq2,46.745,-6587.10,-3.22,5.2253E-07,2,286.15,2.57E+02,615,5661000
10,Acrylonitrile,acrylonitrile,C3H3N,107-13-1,eq2,87.604,-6392.70,-10.10,1.0891E-05,2,189.63,3.68E+00,535,4480000
11,Air,air,Mixture,132259-10-0,eq2,21.662,-692.39,-0.39,4.7574E-03,1,59.15,5.64E+03,132.45,3793000
12,Ammonia,ammonia,H3N,7664-41-7,eq2,90.483,-4669.70,-11.61,1.7194E-02,1,195.41,6.11E+03,405.65,11300000
13,Anisole,anisole,C7H8O,100-66-3,eq2,128.06,-9307.70,-16.69,1.4919E-02,1,235.65,2.45E+00,645.6,4273000
14,Argon,argon,Ar,7440-37-1,eq2,42.127,-1093.10,-4.14,5.7254E-05,2,83.78,6.87E+04,150.86,4896000
15,Benzamide,benzamide,C7H7NO,55-21-0,eq2,85.474,-11932.00,-8.33,1.2850E-18,6,403,3.55E+02,824,5047000
16,Benzene,benzene,C6H6,71-43-2,eq2,83.107,-6486.20,-9.22,6.9844E-06,2,278.68,4.76E+03,562.05,4875000
17,Benzenethiol,benzenethiol,C6H6S,108-98-5,eq2,77.765,-8455.10,-7.74,4.3089E-18,6,258.27,7.68E+00,689,4728000
18,Benzoic-acid,benzoic-acid,C7H6O2,65-85-0,eq2,88.513,-11829.00,-8.68,2.3248E-19,6,395.45,7.96E+02,751,4469000
19,Benzonitrile,benzonitrile,C7H5N,100-47-0,eq2,138.5,-11195.00,-17.09,9.5641E-06,2,260.4,3.08E+00,699.35,4243000
20,Benzophenone,benzophenone,C13H10O,119-61-9,eq2,88.404,-11769.00,-8.90,1.9334E-18,6,321.35,1.49E+00,830,3357000
21,Benzyl-alcohol,benzyl-alcohol,C7H8O,100-51-6,eq2,100.68,-11059.00,-10.71,3.0582E-18,6,257.85,1.88E-01,720.15,4372000
22,Benzyl-ethyl-ether,benzyl-ethyl-ether,C9H12O,539-30-0,eq2,68.541,-7886.20,-6.58,2.4285E-06,2,275.65,2.31E+01,662,3113000
23,Benzyl-mercaptan,benzyl-mercaptan,C7H8S,100-53-8,eq2,118.02,-10527.00,-13.91,6.4794E-06,2,243.95,2.98E-01,718,4074000
24,Biphenyl,biphenyl,C12H10,92-52-4,eq2,77.314,-9910.40,-7.51,2.2385E-18,6,342.2,9.42E+01,773,3407000
25,Bromine,bromine,Br2,7726-95-6,eq2,108.26,-6592.00,-14.16,1.6043E-02,1,265.85,5.85E+03,584.15,10280000
26,Bromobenzene,bromobenzene,C6H5Br,108-86-1,eq2,63.749,-7130.20,-5.88,5.2136E-18,6,242.43,7.84E+00,670.15,4520000
27,Bromoethane,bromoethane,C2H5Br,74-96-4,eq2,62.217,-5113.30,-5.98,4.7174E-17,6,154.55,3.72E-01,503.8,6290000
28,Bromomethane,bromomethane,CH3Br,74-83-9,eq2,72.586,-4698.60,-8.00,1.1553E-05,2,179.47,1.95E+02,467,7997000
29,"1,2-Butadiene","1,2-butadiene",C4H6,590-19-2,eq2,39.714,-3769.90,-2.64,6.9379E-18,6,136.95,4.47E-01,452,4361000
30,"1,3-Butadiene","1,3-butadiene",C4H6,106-99-0,eq2,75.572,-4621.90,-8.53,1.2269E-05,2,164.25,6.92E+01,425,4303000
31,Butane,butane,C4H10,106-97-8,eq2,66.343,-4363.20,-7.05,9.4509E-06,2,134.86,6.74E-01,425.12,3770000
32,"1,2-Butanediol","1,2-butanediol",C4H10O2,584-03-2,eq2,103.28,-11548.00,-10.93,4.2560E-18,6,220,2.93E-04,680,5202000
33,"1,3-Butanediol","1,3-butanediol",C4H10O2,107-88-0,eq2,123.22,-12620.00,-13.99,3.9260E-06,2,196.15,3.74E-07,676,4033000
34,1-Butanol,1-butanol,C4H10O,71-36-3,eq2,106.295,-9866.40,-11.66,1.0832E-17,6,183.85,2.90E-04,563.1,4401000
35,2-Butanol,2-butanol,C4H10O,78-92-2,eq2,114.68,-9850.20,-12.96,1.8738E-17,6,158.45,1.95E-06,535.9,4182000
36,1-Butene,1-butene,C4H8,106-98-9,eq2,51.836,-4019.20,-4.52,4.8833E-17,6,87.8,6.94E-07,419.5,4021000
37,cis-2-Butene,cis-2-butene,C4H8,590-18-1,eq2,72.541,-4691.20,-7.98,1.0368E-05,2,134.26,2.72E-01,435.5,4238000
38,trans-2-Butene,trans-2-butene,C4H8,624-64-6,eq2,71.704,-4563.10,-7.91,1.1319E-05,2,167.62,7.45E+01,428.6,4100000
39,Butyl-acetate,butyl-acetate,C6H12O2,123-86-4,eq2,122.82,-9253.20,-14.99,1.0470E-05,2,199.65,8.17E-02,575.4,3087000
40,Butylbenzene,butylbenzene,C10H14,104-51-8,eq2,101.22,-9255.40,-11.54,5.9208E-06,2,185.3,1.54E-04,660.5,2882000
41,Butyl-mercaptan,butyl-mercaptan,C4H10S,109-79-5,eq2,65.382,-6262.40,-6.26,1.4943E-17,6,157.46,2.35E-03,570.1,3973000
42,sec-Butyl-mercaptan,sec-butyl-mercaptan,C4H10S,513-53-1,eq2,60.649,-5785.90,-5.61,1.5877E-17,6,133.02,3.40E-05,554,4060000
43,1-Butyne,1-butyne,C4H6,107-00-6,eq2,77.004,-5054.50,-8.57,1.0161E-05,2,147.43,1.18E+00,440,4599000
44,Butyraldehyde,butyraldehyde,C4H8O,123-72-8,eq2,99.33,-7083.60,-11.73,1.0027E-05,2,176.75,3.17E-01,537.2,4323000
45,Butyric-acid,butyric-acid,C4H8O2,107-92-6,eq2,93.815,-9942.20,-9.80,9.3124E-18,6,267.95,6.78E+00,615.7,4071000
46,Butyronitrile,butyronitrile,C4H7N,109-74-0,eq2,66.32,-6714.90,-6.31,1.3516E-17,6,161.25,6.18E-04,582.25,3787000
47,Carbon-dioxide,carbon-dioxide,CO2,124-38-9,eq2,140.54,-4735.00,-21.27,4.0909E-02,1,216.58,5.19E+05,304.21,7390000
48,Carbon-disulfide,carbon-disulfide,CS2,75-15-0,eq2,67.114,-4820.40,-7.53,9.1695E-03,1,161.11,1.49E+00,552,8041000
49,Carbon-monoxide,carbon-monoxide,CO,630-08-0,eq2,45.698,-1076.60,-4.88,7.5673E-05,2,68.15,1.54E+04,132.92,3494000
50,Carbon-tetrachloride,carbon-tetrachloride,CCl4,56-23-5,eq2,78.441,-6128.10,-8.58,6.8465E-06,2,250.33,1.12E+03,556.35,4544000
51,Carbon-tetrafluoride,carbon-tetrafluoride,CF4,75-73-0,eq2,61.89,-2296.30,-7.09,3.4687E-05,2,89.56,1.08E+02,227.51,3742000
52,Chlorine,chlorine,Cl2,7782-50-5,eq2,71.334,-3855.00,-8.52,1.2378E-02,1,172.12,1.37E+03,417.15,7793000
53,Chlorobenzene,chlorobenzene,C6H5Cl,108-90-7,eq2,54.144,-6244.40,-4.53,4.7030E-18,6,227.95,8.45E+00,632.35,4529000
54,Chloroethane,chloroethane,C2H5Cl,75-00-3,eq2,65.988,-4661.30,-6.86,7.9404E-06,2,134.8,1.25E-01,460.35,5327000
55,Chloroform,chloroform,CHCl3,67-66-3,eq2,146.43,-7792.30,-20.61,2.4578E-02,1,207.15,5.25E+01,536.4,5554000
56,Chloromethane,chloromethane,CH3Cl,74-87-3,eq2,64.697,-4048.10,-6.81,1.0371E-05,2,175.43,8.71E+02,416.25,6691000
57,1-Chloropropane,1-chloropropane,C3H7Cl,540-54-5,eq2,79.24,-5718.80,-8.79,8.4486E-06,2,150.35,6.96E-02,503.15,4581000
58,2-Chloropropane,2-chloropropane,C3H7Cl,75-29-6,eq2,46.854,-4445.50,-3.65,1.3260E-17,6,155.97,9.08E-01,489,4510000
59,m-Cresol,m-cresol,C7H8O,108-39-4,eq2,95.403,-10581.00,-10.00,4.3032E-18,6,285.39,5.86E+00,705.85,4522000
60,o-Cresol,o-cresol,C7H8O,95-48-7,eq2,210.88,-13928.00,-29.48,2.5182E-02,1,304.19,6.53E+01,697.55,5058000
61,p-Cresol,p-cresol,C7H8O,106-44-5,eq2,118.53,-11957.00,-13.29,8.6988E-18,6,307.93,3.45E+01,704.65,5151000
62,Cumene,cumene,C9H12,98-82-8,eq2,102.81,-8674.60,-11.92,7.0048E-06,2,177.14,4.71E-04,631,3226000
63,Cyanogen,cyanogen,C2N2,460-19-5,eq2,81.565,-4808.90,-9.37,1.3901E-05,2,245.25,7.39E+04,400.15,5961000
64,Cyclobutane,cyclobutane,C4H8,287-23-0,eq2,85.899,-4884.40,-10.88,1.4934E-02,1,182.48,1.80E+02,459.93,4991000
65,Cyclohexane,cyclohexane,C6H12,110-82-7,eq2,51.087,-5226.40,-4.23,9.7554E-18,6,279.69,5.36E+03,553.8,4094000
66,Cyclohexanol,cyclohexanol,C6H12O,108-93-0,eq2,189.19,-14337.00,-24.15,1.0740E-05,2,296.6,7.65E+01,650.1,4265000
67,Cyclohexanone,cyclohexanone,C6H10O,108-94-1,eq2,85.424,-7944.40,-9.29,4.9957E-06,2,242,6.80E+00,653,3989000
68,Cyclohexene,cyclohexene,C6H10,110-83-8,eq2,88.184,-6624.90,-10.06,8.2566E-06,2,169.67,1.04E-01,560.4,4392000
69,Cyclopentane,cyclopentane,C5H10,287-92-3,eq2,66.341,-5198.50,-6.81,6.1930E-06,2,179.28,9.07E+00,511.7,4513000
70,Cyclopentene,cyclopentene,C5H8,142-29-0,eq2,67.952,-5187.50,-7.08,6.8165E-06,2,138.13,1.28E-02,507,4799000
71,Cyclopropane,cyclopropane,C3H6,75-19-4,eq2,40.608,-3179.60,-2.89,5.6131E-17,6,145.59,7.80E+01,398,5494000
72,Cyclohexyl-mercaptan,cyclohexyl-mercaptan,C6H12S,1569-69-3,eq2,85.146,-7843.70,-9.30,5.1788E-06,2,189.64,8.24E-03,664,3970000
73,Decanal,decanal,C10H20O,112-31-2,eq2,201.64,-15133.00,-26.26,1.4625E-05,2,267.15,4.86E-01,674.2,2599000
74,Decane,decane,C10H22,124-18-5,eq2,112.73,-9749.60,-13.25,7.1266E-06,2,243.51,1.39E+00,617.7,2091000
75,Decanoic-acid,decanoic-acid,C10H20O2,334-48-5,eq2,123.36,-14680.00,-13.47,1.9491E-18,6,304.55,1.50E-01,722.1,2233000
76,1-Decanol,1-decanol,C10H22O,112-30-1,eq2,156.239,-15212.00,-18.42,8.5006E-18,6,280.05,1.51E-01,688,2309000
77,1-Decene,1-decene,C10H20,872-05-9,eq2,68.401,-7776.90,-6.46,6.3750E-18,6,206.89,2.59E-02,616.6,2223000
78,Decyl-mercaptan,decyl-mercaptan,C10H22S,143-10-2,eq2,91.91,-10565.00,-9.60,5.7028E-18,6,247.56,2.59E-02,696,2130000
79,1-Decyne,1-decyne,C10H18,764-93-2,eq2,142.94,-11119.00,-17.82,1.1020E-05,2,229.15,1.60E-01,619.85,2363000
80,Deuterium,deuterium,D2,7782-39-0,eq2,18.947,-154.47,-0.57,3.8899E-02,1,18.73,1.72E+04,38.35,1663000
81,"1,1-Dibromoethane","1,1-dibromoethane",C2H4Br2,557-91-5,eq2,62.711,-6503.50,-5.77,1.0427E-06,2,210.15,2.64E+00,628,6034000
82,"1,2-Dibromoethane","1,2-dibromoethane",C2H4Br2,106-93-4,eq2,43.751,-5587.70,-3.09,8.2664E-07,2,282.85,7.53E+02,650.15,5375000
83,Dibromomethane,dibromomethane,CH2Br2,74-95-3,eq2,86.295,-7010.30,-9.60,6.7794E-06,2,220.6,2.13E+01,611,7170000
84,Dibutyl-ether,dibutyl-ether,C8H18O,142-96-1,eq2,72.227,-7537.60,-7.06,9.1442E-18,6,175.3,7.14E-04,584.1,2459000
85,m-Dichlorobenzene,m-dichlorobenzene,C6H4Cl2,541-73-1,eq2,53.187,-6827.50,-4.32,2.3112E-18,6,248.39,6.41E+00,683.95,4070000
86,o-Dichlorobenzene,o-dichlorobenzene,C6H4Cl2,95-50-1,eq2,77.105,-8111.10,-7.89,2.7267E-06,2,256.15,6.49E+00,705,4074000
87,p-Dichlorobenzene,p-dichlorobenzene,C6H4Cl2,106-46-7,eq2,88.31,-8463.40,-9.63,4.5833E-06,2,326.14,1.23E+03,684.75,4070000
88,"1,1-Dichloroethane","1,1-dichloroethane",C2H4Cl2,75-34-3,eq2,66.611,-5493.10,-6.73,5.3579E-06,2,176.19,2.21E+00,523,5106000
89,"1,2-Dichloroethane","1,2-dichloroethane",C2H4Cl2,107-06-2,eq2,92.355,-6920.40,-10.65,9.1426E-06,2,237.49,2.37E+02,561.6,5318000
90,Dichloromethane,dichloromethane,CH2Cl2,75-09-2,eq2,101.6,-6541.60,-12.25,1.2311E-05,2,178.01,5.93E+00,510,6093000
91,"1,1-Dichloropropane","1,1-dichloropropane",C3H6Cl2,78-99-9,eq2,83.495,-6661.40,-9.24,6.7652E-06,2,200,4.52E+00,560,4239000
92,"1,2-Dichloropropane","1,2-dichloropropane",C3H6Cl2,78-87-5,eq2,65.955,-6015.60,-6.55,4.3172E-06,2,172.71,8.25E-02,572,4232000
93,Diethanol-amine,diethanol-amine,C4H11NO2,111-42-2,eq2,106.38,-13714.00,-11.06,3.2645E-18,6,301.15,1.02E-01,736.6,4260000
94,Diethyl-amine,diethyl-amine,C4H11N,109-89-7,eq2,49.314,-4949.00,-3.93,9.1978E-18,6,223.35,3.74E+02,496.6,3674000
95,Diethyl-ether,diethyl-ether,C4H10O,60-29-7,eq2,136.9,-6954.30,-19.25,2.4508E-02,1,156.85,3.95E-01,466.7,3641000
96,Diethyl-sulfide,diethyl-sulfide,C4H10S,352-93-2,eq2,46.705,-5177.40,-3.60,1.7147E-06,2,169.2,9.93E-02,557.15,3961000
97,"1,1-Difluoroethane","1,1-difluoroethane",C2H4F2,75-37-6,eq2,73.491,-4385.90,-8.19,1.2978E-05,2,154.56,6.45E+01,386.44,4507000
98,"1,2-Difluoroethane","1,2-difluoroethane",C2H4F2,624-72-6,eq2,84.625,-5217.40,-9.87,1.3050E-05,2,215,2.83E+03,445,4372000
99,Difluoromethane,difluoromethane,CH2F2,75-10-5,eq2,69.132,-3847.70,-7.59,1.5065E-05,2,136.95,5.43E+01,351.255,5760000
100,Di-isopropyl-amine,di-isopropyl-amine,C6H15N,108-18-9,eq2,462.84,-18227.00,-73.73,9.2794E-02,1,176.85,4.47E-03,523.1,3199000
101,Di-isopropyl-ether,di-isopropyl-ether,C6H14O,108-20-3,eq2,41.631,-4668.70,-2.86,6.3693E-04,1,187.65,6.86E+00,500.05,2869000
102,Di-isopropyl-ketone,di-isopropyl-ketone,C7H14O,565-80-0,eq2,50.868,-6036.50,-4.07,1.1326E-06,2,204.81,8.21E-01,576,3017000
103,"1,1-Dimethoxyethane","1,1-dimethoxyethane",C4H10O2,534-15-6,eq2,53.637,-5251.20,-4.56,1.6754E-17,6,159.95,9.45E-02,507.8,3773000
104,"1,2-Dimethoxypropane","1,2-dimethoxypropane",C5H12O2,7778-85-0,eq2,62.097,-6174.90,-5.72,1.2323E-17,6,226.1,4.50E+01,543,3447000
105,Dimethyl-acetylene,dimethyl-acetylene,C4H6,503-17-3,eq2,66.592,-4999.80,-6.84,6.6793E-06,2,240.91,6.12E+03,473.2,4870000
106,Dimethyl-amine,dimethyl-amine,C2H7N,124-40-3,eq2,71.738,-5302.00,-7.33,6.4200E-17,6,180.96,7.56E+01,437.2,5258000
107,"2,3-Dimethylbutane","2,3-dimethylbutane",C6H14,79-29-8,eq2,77.161,-5691.10,-8.50,8.0325E-06,2,145.19,1.52E-02,500,3130000
108,"1,1-Dimethylcyclohexane","1,1-dimethylcyclohexane",C8H16,590-66-9,eq2,81.184,-6927.00,-8.85,5.4580E-06,2,239.66,6.06E+01,591.15,2939000
109,"cis-1,2-Dimethylcyclohexane","cis-1,2-dimethylcyclohexane",C8H16,2207-01-4,eq2,78.952,-7075.40,-8.43,4.5035E-06,2,223.16,6.41E+00,606.15,2939000
110,"trans-1,2-Dimethylcyclohexane","trans-1,2-dimethylcyclohexane",C8H16,6876-23-9,eq2,78.429,-6882.10,-8.41,4.9831E-06,2,184.99,8.04E-02,596.15,2938000
111,Dimethyl-disulfide,dimethyl-disulfide,C2H6S2,624-92-0,eq2,81.045,-6941.30,-8.78,5.5501E-06,2,188.44,2.07E-01,615,5363000
112,Dimethyl-ether,dimethyl-ether,C2H6O,115-10-6,eq2,44.704,-3525.60,-3.44,5.4574E-17,6,131.65,3.05E+00,400.1,5274000
113,"N,N-Dimethyl-formamide","n,n-dimethyl-formamide",C3H7NO,68-12-2,eq2,82.762,-7955.50,-8.80,4.2431E-06,2,212.72,1.95E-01,649.6,4365000
114,"2,3-Dimethylpentane","2,3-dimethylpentane",C7H16,565-59-3,eq2,78.335,-6348.70,-8.51,6.4311E-06,2,160,1.26E-02,537.3,2882000
115,Dimethyl-phthalate,dimethyl-phthalate,C10H10O4,131-11-3,eq2,72.517,-10415.00,-6.76,1.3269E-06,2,274.18,3.72E-02,766,2780000
116,Dimethylsilane,dimethylsilane,C2H8Si,1111-74-6,eq2,63.08,-4062.30,-6.43,1.5115E-16,6,122.93,4.15E-01,402,3561000
117,Dimethyl-sulfide,dimethyl-sulfide,C2H6S,75-18-3,eq2,84.39,-5740.60,-9.65,1.0073E-05,2,174.88,7.86E+00,503.04,5533000
118,Dimethyl-sulfoxide,dimethyl-sulfoxide,C2H6OS,67-68-5,eq2,56.273,-7620.60,-4.63,4.3819E-07,2,291.67,5.02E+01,729,5648000
119,Dimethyl-terephthalate,dimethyl-terephthalate,C10H10O4,120-61-6,eq2,43.541,-8204.80,-2.75,1.0466E-18,6,413.8,1.26E+03,772,2778000
120,"1,4-Dioxane","1,4-dioxane",C4H8O2,123-91-1,eq2,44.494,-5406.70,-3.13,2.8913E-18,6,284.95,2.53E+03,587,5158000
121,Diphenyl-ether,diphenyl-ether,C12H10O,101-84-8,eq2,59.969,-8585.50,-5.15,1.9983E-18,6,300.03,7.09E+00,766.8,3097000
122,Dipropyl-amine,dipropyl-amine,C6H15N,142-84-7,eq2,54,-6018.50,-4.50,9.9684E-18,6,210.15,3.69E+00,550,3111000
123,Dodecane,dodecane,C12H26,112-40-3,eq2,137.47,-11976.00,-16.70,8.0906E-06,2,263.57,6.15E-01,658,1822000
124,Eicosane,eicosane,C20H42,112-95-8,eq2,203.66,-19441.00,-25.53,8.8382E-06,2,309.58,9.26E-03,768,1175000
125,Ethane,ethane,C2H6,74-84-0,eq2,51.857,-2598.70,-5.13,1.4913E-05,2,90.35,1.13E+00,305.32,4852000
126,Ethanol,ethanol,C2H6O,64-17-5,eq2,73.304,-7122.30,-7.14,2.8853E-06,2,159.05,4.96E-04,514,6109000
127,Ethyl-acetate,ethyl-acetate,C4H8O2,141-78-6,eq2,66.824,-6227.60,-6.41,1.7914E-17,6,189.6,1.43E+00,523.3,3850000
128,Ethyl-amine,ethyl-amine,C2H7N,75-04-7,eq2,81.56,-5596.90,-9.08,8.7920E-06,2,192.15,1.52E+02,456.15,5594000
129,Ethylbenzene,ethylbenzene,C8H10,100-41-4,eq2,89.063,-7733.70,-9.92,5.9860E-06,2,178.2,3.91E-03,617.15,3590000
130,Ethyl-benzoate,ethyl-benzoate,C9H10O2,93-89-0,eq2,52.923,-7531.70,-4.23,1.1835E-06,2,238.45,1.69E-01,698,3203000
131,2-Ethyl-butanoic-acid,2-ethyl-butanoic-acid,C6H12O2,88-09-5,eq2,90.464,-10243.00,-9.28,5.2573E-18,6,258.15,4.63E-01,655,3403000
132,Ethyl-butyrate,ethyl-butyrate,C6H12O2,105-54-4,eq2,57.661,-6346.50,-5.03,8.2534E-18,6,175.15,1.04E-02,571,2935000
133,Ethylcyclohexane,ethylcyclohexane,C8H16,1678-91-7,eq2,80.208,-7203.20,-8.60,4.5901E-06,2,161.84,3.57E-04,609.15,3041000
134,Ethylcyclopentane,ethylcyclopentane,C7H14,1640-89-7,eq2,88.671,-7012.70,-10.05,7.4578E-06,2,134.71,3.71E-06,569.5,3412000
135,Ethylene,ethylene,C2H4,74-85-1,eq2,53.963,-2443.00,-5.56,1.9079E-05,2,104,1.26E+02,282.34,5032000
136,Ethylenediamine,ethylenediamine,C2H8N2,107-15-3,eq2,73.51,-7572.70,-7.14,1.2124E-17,6,284.29,6.78E+02,593,6290000
137,Ethylene-glycol,ethylene-glycol,C2H6O2,107-21-1,eq2,84.09,-10411.00,-8.20,1.6536E-18,6,260.15,2.19E-01,720,8257000
138,Ethyleneimine,ethyleneimine,C2H5N,151-56-4,eq2,66.51,-6019.20,-6.33,1.0394E-17,6,195.2,9.71E+00,537,6850000
139,Ethylene-oxide,ethylene-oxide,C2H4O,75-21-8,eq2,91.944,-5293.40,-11.68,1.4902E-02,1,160.65,7.79E+00,469.15,7255000
140,Ethyl-formate,ethyl-formate,C3H6O2,109-94-4,eq2,73.833,-5817.00,-7.81,6.3200E-06,2,193.55,1.81E+01,508.4,4708000
141,2-Ethyl-hexanoic-acid,2-ethyl-hexanoic-acid,C8H16O2,149-57-5,eq2,117.52,-12991.00,-12.90,6.1306E-18,6,235,2.86E-04,674.6,2788000
142,Ethylhexyl-ether,ethylhexyl-ether,C8H18O,5756-43-4,eq2,77.523,-7978.80,-7.78,1.0076E-17,6,180,7.60E-04,583,2460000
143,Ethylisopropyl-ether,ethylisopropyl-ether,C5H12O,625-54-7,eq2,57.723,-5236.90,-5.21,2.2998E-17,6,140,4.31E-03,489,3415000
144,Ethylisopropyl-ketone,ethylisopropyl-ketone,C6H12O,565-69-5,eq2,57.459,-6356.80,-4.95,5.2015E-18,6,204.15,9.70E-01,567,3293000
145,Ethyl-mercaptan,ethyl-mercaptan,C2H6S,75-08-1,eq2,65.551,-5027.40,-6.69,6.3208E-06,2,125.26,1.14E-03,499.15,5492000
146,Ethyl-propionate,ethyl-propionate,C5H10O2,105-37-3,eq2,105.64,-8007.00,-12.48,9.0000E-06,2,199.25,7.80E-01,546,3337000
147,Ethylpropyl-ether,ethylpropyl-ether,C5H12O,628-32-0,eq2,86.898,-6646.40,-9.58,5.9615E-17,6,145.65,1.61E-03,500.23,3372000
148,Ethyltrichlorosilane,ethyltrichlorosilane,C2H5Cl3Si,115-21-9,eq2,62.614,-6148.20,-5.84,1.0900E-17,6,167.55,1.85E-02,559.95,3320000
149,Fluorine,fluorine,F2,7782-41-4,eq2,42.393,-1103.30,-4.12,5.7815E-05,2,53.48,2.53E+02,144.12,5167000
150,Fluorobenzene,fluorobenzene,C6H5F,462-06-6,eq2,51.915,-5439.00,-4.29,8.7527E-18,6,230.94,1.51E+02,560.09,4544000
151,Fluoroethane,fluoroethane,C2H5F,353-36-6,eq2,56.639,-3576.50,-5.58,9.8969E-06,2,129.95,8.37E+00,375.31,5006000
152,Fluoromethane,fluoromethane,CH3F,593-53-3,eq2,59.123,-3043.70,-6.18,1.6637E-05,2,131.35,4.33E+02,317.42,5875000
153,Formaldehyde,formaldehyde,CH2O,50-00-0,eq2,101.51,-4917.20,-13.77,2.2031E-02,1,181.15,8.87E+02,408,6594000
154,Formamide,formamide,CH3NO,75-12-7,eq2,100.3,-10763.00,-10.95,3.8503E-06,2,275.6,1.04E+00,771,7751000
155,Formic-acid,formic-acid,CH2O2,64-18-6,eq2,50.323,-5378.20,-4.20,3.4697E-06,2,281.45,2.40E+03,588,5807000
156,Furan,furan,C4H4O,110-00-9,eq2,74.738,-5417.00,-8.06,7.4700E-06,2,187.55,5.00E+01,490.15,5550000
157,Helium-4,helium-4,He,7440-59-7,eq2,11.533,-8.99,0.6724,2.7430E-01,1,1.76,1.46E+03,5.2,228500
158,Heptadecane,heptadecane,C17H36,629-78-7,eq2,156.95,-15557.00,-18.97,6.4559E-06,2,295.13,4.65E-02,736,1344000
159,Heptanal,heptanal,C7H14O,111-71-7,eq2,92.252,-8349.00,-10.27,5.9252E-06,2,229.8,1.45E+00,616.8,3155000
160,Heptane,heptane,C7H16,142-82-5,eq2,87.829,-6996.40,-9.88,7.2099E-06,2,182.57,1.83E-01,540.2,2719000
161,Heptanoic-acid,heptanoic-acid,C7H14O2,111-14-8,eq2,120.47,-13106.00,-13.31,5.8384E-18,6,265.83,4.34E-02,677.3,3039000
162,1-Heptanol,1-heptanol,C7H16O,111-70-6,eq2,147.41,-13466.00,-17.35,1.1284E-17,6,239.15,1.95E-02,632.3,3013000
163,2-Heptanol,2-heptanol,C7H16O,543-49-7,eq2,124.23,-11637.00,-14.15,6.9486E-17,5.7,230,3.68E-02,608.3,2995000
164,3-Heptanone,3-heptanone,C7H14O,106-35-4,eq2,78.463,-8077.20,-7.91,8.0521E-18,6,234.15,2.30E+00,606.6,2919000
165,2-Heptanone,2-heptanone,C7H14O,110-43-0,eq2,75.494,-7896.50,-7.50,8.9130E-18,6,238.15,3.54E+00,611.4,2946000
166,1-Heptene,1-heptene,C7H14,592-76-7,eq2,65.922,-6189.00,-6.36,2.0091E-17,6,154.12,1.86E-03,537.4,2921000
167,Heptyl-mercaptan,heptyl-mercaptan,C7H16S,1639-09-4,eq2,79.858,-8501.80,-8.10,8.1501E-18,6,229.92,3.05E-01,645,2772000
168,1-Heptyne,1-heptyne,C7H12,628-71-7,eq2,59.083,-6031.80,-5.31,1.4357E-17,6,192.22,8.15E-01,547,3209000
169,Hexadecane,hexadecane,C16H34,544-76-3,eq2,156.06,-15015.00,-18.94,6.8172E-06,2,291.31,9.23E-02,723,1411000
170,Hexanal,hexanal,C6H12O,66-25-1,eq2,81.507,-7776.80,-8.45,1.5143E-17,6,217.15,1.25E+00,591,3461000
171,Hexane,hexane,C6H14,110-54-3,eq2,104.65,-6995.50,-12.70,1.2381E-05,2,177.83,9.02E-01,507.6,3045000
172,Hexanoic-acid,hexanoic-acid,C6H12O2,142-62-1,eq2,114.05,-12332.00,-12.45,5.6253E-18,6,269.25,2.43E-01,660.2,3284000
173,1-Hexanol,1-hexanol,C6H14O,111-27-3,eq2,135.421,-12288.00,-15.73,1.2701E-17,6,228.55,2.25E-02,611.3,3441000
174,2-Hexanol,2-hexanol,C6H14O,626-93-7,eq2,109.42,-10449.00,-12.05,2.6122E-46,16,223,7.44E-02,585.3,3298000
175,2-Hexanone,2-hexanone,C6H12O,591-78-6,eq2,107.44,-8528.60,-12.68,8.4606E-06,2,217.35,1.45E+00,587.61,3286000
176,3-Hexanone,3-hexanone,C6H12O,589-38-8,eq2,73.155,-7242.90,-7.26,1.2741E-17,6,217.5,2.22E+00,582.82,3322000
177,1-Hexene,1-hexene,C6H12,592-41-6,eq2,51.024,-4986.40,-4.25,1.6768E-17,6,133.39,7.96E-04,504,3212000
178,3-Hexyne,3-hexyne,C6H10,928-49-4,eq2,47.091,-5104.00,-3.64,5.1621E-04,1,170.05,2.20E-01,544,3540000
179,Hexyl-mercaptan,hexyl-mercaptan,C6H14S,111-31-9,eq2,68.467,-7390.50,-6.55,7.7611E-18,6,192.62,1.31E-02,623,3079000
180,1-Hexyne,1-hexyne,C6H10,693-02-7,eq2,133.2,-7492.90,-18.41,2.2062E-02,1,141.25,3.92E-04,516.2,3635000
181,2-Hexyne,2-hexyne,C6H10,764-35-2,eq2,123.71,-7639.00,-16.45,1.6495E-02,1,183.65,5.40E-01,549,3530000
182,Hydrazine,hydrazine,H4N2,302-01-2,eq2,76.858,-7245.20,-8.22,6.1557E-03,1,274.69,4.08E+02,653.15,14730000
183,Hydrogen,hydrogen,H2,1333-74-0,eq2,12.69,-94.90,1.1125,3.2915E-04,2,13.95,7.21E+03,33.19,1315000
184,Hydrogen-bromide,hydrogen-bromide,HBr,10035-10-6,eq2,29.315,-2424.50,-1.14,2.3806E-18,6,185.15,2.95E+04,363.15,8463000
185,Hydrogen-chloride,hydrogen-chloride,HCl,7647-01-0,eq2,104.27,-3731.20,-15.05,3.1340E-02,1,158.97,1.35E+04,324.65,8356000
186,Hydrogen-cyanide,hydrogen-cyanide,CHN,74-90-8,eq2,36.75,-3927.10,-2.12,3.8948E-17,6,259.83,1.87E+04,456.65,5353000
187,Hydrogen-fluoride,hydrogen-fluoride,HF,7664-39-3,eq2,59.544,-4143.80,-6.18,1.4161E-05,2,189.79,3.37E+02,461.15,6487000
188,Hydrogen-sulfide,hydrogen-sulfide,H2S,7783-06-4,eq2,85.584,-3839.90,-11.20,1.8848E-02,1,187.68,2.29E+04,373.53,8999000
189,Isobutyric-acid,isobutyric-acid,C4H8O2,79-31-2,eq2,110.38,-10540.00,-12.26,1.4310E-17,6,227.15,7.82E-02,605,3683000
190,Isopropyl-amine,isopropyl-amine,C3H9N,75-31-0,eq2,136.66,-7201.50,-18.93,2.2255E-02,1,177.95,7.73E+00,471.85,4540000
191,Malonic-acid,malonic-acid,C3H4O4,141-82-2,eq2,122.92,-16258.00,-13.11,2.0609E-18,6,407.95,7.03E+01,805,5652000
192,Methacrylic-acid,methacrylic-acid,C4H6O2,79-41-4,eq2,109.53,-10410.00,-12.29,3.1990E-06,2,288.15,5.86E+01,662,4812000
193,Methane,methane,CH4,74-82-8,eq2,39.205,-1324.40,-3.44,3.1019E-05,2,90.69,1.17E+04,190.56,4590000
194,Methanol,methanol,CH4O,67-56-1,eq2,82.718,-6904.50,-8.86,7.4664E-06,2,175.47,1.11E-01,512.5,8146000
195,N-Methyl-acetamide,n-methyl-acetamide,C3H7NO,79-16-3,eq2,79.128,-9523.90,-7.74,3.1616E-18,6,301.15,2.86E+01,718,4997000
196,Methyl-acetate,methyl-acetate,C3H6O2,79-20-9,eq2,61.267,-5618.60,-5.65,2.1080E-17,6,175.15,1.02E+00,506.55,4695000
197,Methyl-acetylene,methyl-acetylene,C3H4,74-99-7,eq2,50.242,-3811.90,-4.25,6.5326E-17,6,170.45,4.15E+02,402.4,5619000
198,Methyl-acrylate,methyl-acrylate,C4H6O2,96-33-3,eq2,107.69,-7027.20,-13.92,1.5185E-02,1,196.32,4.07E+00,536,4277000
199,Methyl-amine,methyl-amine,CH5N,74-89-5,eq2,75.206,-5082.80,-8.09,8.1130E-06,2,179.69,1.77E+02,430.05,7414000
200,Methyl-benzoate,methyl-benzoate,C8H8O2,93-58-3,eq2,84.828,-9334.70,-8.71,6.1723E-18,6,260.75,1.81E+00,693,3590000
201,"3-Methyl-1,2-butadiene","3-methyl-1,2-butadiene",C5H8,598-25-4,eq2,66.575,-5213.40,-6.77,4.8106E-06,2,159.53,7.28E-01,490,3831000
202,2-Methylbutane,2-methylbutane,C5H12,78-78-4,eq2,71.308,-4976.00,-7.72,8.7271E-06,2,113.25,1.21E-04,460.4,3366000
203,2-Methylbutanoic-acid,2-methylbutanoic-acid,C5H10O2,116-53-0,eq2,85.383,-9575.40,-8.62,5.6124E-18,6,193,6.94E-05,643,3887000
204,3-Methyl-1-butanol,3-methyl-1-butanol,C5H12O,123-51-3,eq2,121.85,-10976.00,-13.87,1.4283E-17,6,155.95,8.67E-09,577.2,3916000
205,2-Methyl-1-butene,2-methyl-1-butene,C5H10,563-46-2,eq2,93.131,-5525.40,-11.85,1.4205E-02,1,135.58,2.05E-02,465,3465000
206,2-Methyl-2-butene,2-methyl-2-butene,C5H10,513-35-9,eq2,83.927,-5640.50,-9.65,1.1121E-05,2,139.39,1.94E-02,470,3394000
207,2-Methyl-1-butene-3-yne,2-methyl-1-butene-3-yne,C5H6,78-80-8,eq2,95.453,-5448.80,-12.38,1.5643E-02,1,160.15,2.92E+00,492,4469000
208,Methylbutyl-ether,methylbutyl-ether,C5H12O,628-28-4,eq2,60.164,-5621.70,-5.53,1.8629E-17,6,157.48,2.99E-02,512.74,3377000
209,Methylbutyl-sulfide,methylbutyl-sulfide,C5H12S,628-29-5,eq2,96.344,-7856.30,-11.06,7.3080E-06,2,175.3,4.61E-03,593,3464000
210,3-Methyl-1-butyne,3-methyl-1-butyne,C5H8,598-23-2,eq2,69.459,-5250.00,-7.11,7.9289E-17,6,183.45,4.36E+01,463.2,4199000
211,Methyl-butyrate,methyl-butyrate,C5H10O2,623-42-7,eq2,71.87,-6885.70,-7.09,1.4903E-17,6,187.35,1.34E-01,554.5,3480000
212,Methylchlorosilane,methylchlorosilane,CH5ClSi,993-00-0,eq2,95.984,-5401.70,-11.83,1.8092E-05,2,139.05,4.12E-01,442,4170000
213,Methylcyclohexane,methylcyclohexane,C7H14,108-87-2,eq2,92.684,-7080.80,-10.70,8.1366E-06,2,146.58,1.52E-04,572.1,3486000
214,1-Methylcyclohexanol,1-methylcyclohexanol,C7H14O,590-67-0,eq2,134.63,-10682.00,-16.51,8.4427E-06,2,299.15,2.57E+02,686,3994000
215,cis-2-Methylcyclohexanol,cis-2-methylcyclohexanol,C7H14O,7443-70-1,eq2,125.1,-10288.00,-15.16,1.0918E-05,2,280.15,4.56E+01,614,3808000
216,trans-2-Methylcyclohexanol,trans-2-methylcyclohexanol,C7H14O,7443-52-9,eq2,54.179,-7477.20,-4.22,3.5225E-18,6,269.15,1.62E+01,617,3767000
217,Methylcyclopentane,methylcyclopentane,C6H12,96-37-7,eq2,55.368,-5149.80,-5.01,3.2220E-06,2,130.73,2.25E-04,532.7,3759000
218,1-Methylcyclopentene,1-methylcyclopentene,C6H10,693-89-0,eq2,52.732,-5286.90,-4.45,1.0883E-17,6,146.62,3.98E-03,542,4130000
219,3-Methylcyclopentene,3-methylcyclopentene,C6H10,1120-62-3,eq2,52.601,-5120.30,-4.46,1.3288E-17,6,115,2.12E-06,526,4129000
220,Methyldichlorosilane,methyldichlorosilane,CH4Cl2Si,75-54-7,eq2,79.788,-5420.00,-9.07,1.1489E-05,2,182.55,2.58E+01,483,3964000
221,Methylethyl-ether,methylethyl-ether,C3H8O,540-67-0,eq2,78.586,-5176.30,-8.75,9.1727E-06,2,160,7.85E+00,437.8,4433000
222,Methylethyl-ketone,methylethyl-ketone,C4H8O,78-93-3,eq2,72.698,-6143.60,-7.58,5.6476E-06,2,186.48,1.39E+00,535.5,4120000
223,Methylethyl-sulfide,methylethyl-sulfide,C3H8S,624-89-5,eq2,79.07,-6114.10,-8.63,6.5333E-06,2,167.23,2.25E-01,533,4261000
224,Methyl-formate,methyl-formate,C2H4O2,107-31-3,eq2,77.184,-5606.10,-8.39,7.8468E-06,2,174.15,6.88E+00,487.2,5983000
225,Methylisobutyl-ether,methylisobutyl-ether,C5H12O,625-44-5,eq2,57.984,-5339.60,-5.24,2.0767E-17,6,150,2.13E-02,497,3416000
226,Methylisobutyl-ketone,methylisobutyl-ketone,C6H12O,108-10-1,eq2,80.503,-7421.80,-8.38,1.8114E-17,6,189.15,6.99E-02,574.6,3272000
227,Methyl-Isocyanate,methyl-isocyanate,C2H3NO,624-83-9,eq2,57.612,-5197.90,-5.13,2.1702E-17,6,256.15,7.28E+03,488,5480000
228,Methylisopropyl-ether,methylisopropyl-ether,C4H10O,598-53-8,eq2,53.867,-4701.00,-4.71,2.8791E-17,6,127.93,3.32E-03,464.48,3764000
229,Methylisopropyl-ketone,methylisopropyl-ketone,C5H10O,563-80-4,eq2,45.242,-5324.40,-3.26,3.0363E-18,6,180.15,2.95E-01,553.4,3792000
230,Methylisopropyl-sulfide,methylisopropyl-sulfide,C4H10S,1551-21-9,eq2,52.82,-5437.70,-4.44,9.5103E-18,6,171.64,1.80E-01,553.1,4022000
231,Methyl-mercaptan,methyl-mercaptan,CH4S,74-93-1,eq2,54.15,-4337.70,-4.81,4.5000E-17,6,150.18,3.15E+00,469.95,7231000
232,Methyl-methacrylate,methyl-methacrylate,C5H8O2,80-62-6,eq2,107.36,-8085.30,-12.72,8.3307E-06,2,224.95,1.91E+01,566,3674000
233,2-Methyloctanoic-acid,2-methyloctanoic-acid,C9H18O2,3004-93-1,eq2,105.7,-12458.00,-11.23,4.4629E-18,6,240,4.19E-04,694,2545000
234,2-Methylpentane,2-methylpentane,C6H14,107-83-5,eq2,53.579,-5041.20,-4.64,1.9443E-17,6,119.55,2.07E-05,497.7,3044000
235,Methyl-pentyl-ether,methyl-pentyl-ether,C6H14O,628-80-8,eq2,61.907,-6188.90,-5.71,1.1767E-17,6,176,6.33E-02,546.49,3041000
236,2-Methylpropane,2-methylpropane,C4H10,75-28-5,eq2,108.43,-5039.90,-15.01,2.2725E-02,1,113.54,1.21E-02,407.8,3630000
237,2-Methyl-2-propanol,2-methyl-2-propanol,C4H10O,75-65-0,eq2,172.27,-11589.00,-22.11,1.3703E-05,2,298.97,5.88E+03,506.2,3957000
238,2-Methyl-propene,2-methyl-propene,C4H8,115-11-7,eq2,78.01,-4634.10,-8.96,1.3413E-05,2,132.81,6.45E-01,417.9,4004000
239,Methyl-propionate,methyl-propionate,C4H8O2,554-12-1,eq2,70.717,-6439.70,-6.98,2.0129E-17,6,185.65,6.34E-01,530.6,4028000
240,Methylpropyl-ether,methylpropyl-ether,C4H10O,557-17-5,eq2,67.942,-5419.10,-6.81,4.7778E-17,6,133.97,2.90E-03,476.25,3802000
241,Methylpropyl-sulfide,methylpropyl-sulfide,C4H10S,3877-15-4,eq2,83.711,-6786.90,-9.25,6.6666E-06,2,160.17,4.26E-03,565,3972000
242,Methylsilane,methylsilane,CH6Si,992-94-9,eq2,37.205,-2590.30,-2.60,6.0508E-06,2,116.34,1.43E+01,352.5,4702000
243,Methyl-styrene,methyl-styrene,C9H10,98-83-9,eq2,56.485,-6954.20,-4.79,2.7753E-18,6,249.95,9.23E+00,654,3341000
244,Methyl-tert-butyl-ether,methyl-tert-butyl-ether,C5H12O,1634-04-4,eq2,57.1511,-5201.70,-5.14,1.6529E-17,6,164.55,4.93E-01,497.1,3285000
245,Methyl-vinyl-ether,methyl-vinyl-ether,C3H6O,107-25-5,eq2,51.085,-4271.00,-4.31,3.0530E-17,6,151.15,3.37E+00,437,4583000
246,Naphthalene,naphthalene,C10H8,91-20-3,eq2,62.964,-8137.50,-5.63,2.2675E-18,6,353.43,9.91E+02,748.4,4069000
247,Neon,neon,Ne,7440-01-9,eq2,29.755,-271.06,-2.61,5.2700E-04,2,24.56,4.38E+04,44.4,2665000
248,Nitroethane,nitroethane,C2H5NO2,79-24-3,eq2,75.632,-7202.30,-7.65,1.8250E-17,6,183.63,3.18E-02,593,5159000
249,Nitrogen,nitrogen,N2,7727-37-9,eq2,58.282,-1084.10,-8.31,4.4127E-02,1,63.15,1.25E+04,126.2,3391000
250,Nitrogen-trifluoride,nitrogen-trifluoride,F3N,7783-54-2,eq2,68.149,-2257.90,-8.91,2.3233E-02,1,66.46,1.86E-01,234,4500000
251,Nitromethane,nitromethane,CH3NO2,75-52-5,eq2,57.278,-6089.00,-4.98,1.2154E-17,6,244.6,1.47E+02,588.15,6309000
252,Nitrous-oxide,nitrous-oxide,N2O,10024-97-2,eq2,96.512,-4045.00,-12.28,2.8860E-05,2,182.3,8.69E+04,309.57,7278000
253,Nitric-oxide,nitric-oxide,NO,10102-43-9,eq2,72.974,-2650.00,-8.26,9.7000E-15,6,109.5,2.20E+04,180.15,6516000
254,Nonadecane,nonadecane,C19H40,629-92-5,eq2,182.54,-17897.00,-22.50,7.4008E-06,2,305.04,1.59E-02,758,1208000
255,Nonanal,nonanal,C9H18O,124-19-6,eq2,337.71,-18506.00,-50.22,4.7345E-02,1,255.15,3.42E-01,658,2743000
256,Nonane,nonane,C9H20,111-84-2,eq2,109.35,-9030.40,-12.88,7.8544E-06,2,219.66,4.31E-01,594.6,2305000
257,Nonanoic-acid,nonanoic-acid,C9H18O2,112-05-0,eq2,137.6,-14948.00,-15.62,5.5660E-18,6,285.55,4.71E-02,710.7,2502000
258,1-Nonanol,1-nonanol,C9H20O,143-08-8,eq2,162.854,-15205.00,-19.42,1.0722E-17,6,268.15,8.55E-02,670.9,2522000
259,2-Nonanol,2-nonanol,C9H20O,628-99-9,eq2,146.46,-13813.00,-17.16,8.6279E-40,14,238.15,4.32E-03,649.5,2551000
260,1-Nonene,1-nonene,C9H18,124-11-8,eq2,63.313,-7040.40,-5.81,7.5753E-18,6,191.91,2.04E-02,593.1,2427000
261,Nonyl-mercaptan,nonyl-mercaptan,C9H20S,1455-21-6,eq2,106.2,-10982.00,-11.70,8.8955E-18,6,253.05,1.47E-01,681,2330000
262,1-Nonyne,1-nonyne,C9H16,3452-09-3,eq2,114.77,-9430.80,-13.63,8.1918E-06,2,223.15,4.50E-01,598.05,2620000
263,Octadecane,octadecane,C18H38,593-45-3,eq2,157.68,-16093.00,-18.95,5.9272E-06,2,301.31,3.39E-02,747,1256000
264,Octanal,octanal,C8H16O,124-13-0,eq2,83.601,-8865.80,-8.57,7.9446E-18,6,246,1.46E+00,638.9,2951000
265,Octane,octane,C8H18,111-65-9,eq2,96.084,-7900.20,-11.00,7.1802E-06,2,216.38,2.11E+00,568.7,2467000
266,Octanoic-acid,octanoic-acid,C8H16O2,124-07-2,eq2,140.16,-14813.00,-16.00,6.4239E-18,6,289.65,1.83E-01,694.26,2761000
267,1-Octanol,1-octanol,C8H18O,111-87-5,eq2,144.111,-13667.00,-16.83,9.3666E-18,6,257.65,9.60E-02,652.3,2782000
268,2-Octanol,2-octanol,C8H18O,123-96-6,eq2,133.41,-12630.00,-15.37,2.9939E-41,14,241.55,4.04E-02,629.8,2754000
269,2-Octanone,2-octanone,C8H16O,111-13-7,eq2,63.775,-7711.30,-5.74,3.0902E-18,6,252.85,4.68E+00,632.7,2647000
270,3-Octanone,3-octanone,C8H16O,106-68-3,eq2,72.382,-8054.80,-7.00,5.8276E-18,6,255.55,7.84E+00,627.7,2705000
271,1-Octene,1-octene,C8H16,111-66-0,eq2,74.936,-7155.90,-7.58,1.7106E-17,6,171.45,2.98E-03,566.9,2663000
272,Octyl-mercaptan,octyl-mercaptan,C8H18S,111-88-6,eq2,78.368,-8855.40,-7.82,5.6629E-18,6,223.95,3.05E-02,667.3,2523000
273,1-Octyne,1-octyne,C8H14,629-05-0,eq2,64.612,-6802.50,-6.03,1.1013E-17,6,193.55,1.04E-01,574,2880000
274,Oxalic-acid,oxalic-acid,C2H2O4,144-62-7,eq2,122.04,-16050.00,-12.99,2.0871E-18,6,462.65,2.15E+03,804,7060000
275,Oxygen,oxygen,O2,7782-44-7,eq2,51.245,-1200.20,-6.44,2.8405E-02,1,54.36,1.48E+02,154.58,5021000
276,Ozone,ozone,O3,10028-15-6,eq2,40.067,-2204.80,-2.94,7.7520E-16,6,80.15,7.35E-01,261,5566000
277,Pentadecane,pentadecane,C15H32,629-62-9,eq2,135.57,-13478.00,-16.02,5.6136E-06,2,283.07,1.29E-01,708,1474000
278,Pentanal,pentanal,C5H10O,110-62-3,eq2,149.58,-8890.00,-20.70,2.2101E-02,1,182,5.23E-02,566.1,3969000
279,Pentane,pentane,C5H12,109-66-0,eq2,78.741,-5420.30,-8.83,9.6171E-06,2,143.42,6.86E-02,469.7,3364000
280,Pentanoic-acid,pentanoic-acid,C5H10O2,109-52-4,eq2,101.7,-10955.00,-10.83,7.1880E-18,6,239.15,3.28E-02,639.16,3589000
281,1-Pentanol,1-pentanol,C5H12O,71-41-0,eq2,114.748,-10643.00,-12.86,1.2491E-17,6,195.56,5.48E-04,588.1,3896000
282,2-Pentanol,2-pentanol,C5H12O,6032-29-7,eq2,122.26,-10774.00,-13.94,1.0700E-42,15,200,4.15E-03,561,3709000
283,2-Pentanone,2-pentanone,C5H10O,107-87-9,eq2,84.635,-7078.40,-9.30,6.2702E-06,2,196.29,7.52E-01,561.08,3706000
284,3-Pentanone,3-pentanone,C5H10O,96-22-0,eq2,44.286,-5415.10,-3.09,1.8580E-18,6,234.18,7.34E+01,560.95,3699000
285,1-Pentene,1-pentene,C5H10,109-67-1,eq2,46.994,-4289.50,-3.73,2.5424E-17,6,108.02,3.70E-05,464.8,3562000
286,2-Pentyl-mercaptan,2-pentyl-mercaptan,C5H12S,2084-19-7,eq2,58.985,-6193.10,-5.27,7.3986E-18,6,160.75,1.77E-03,584.3,3537000
287,Pentyl-mercaptan,pentyl-mercaptan,C5H12S,110-66-7,eq2,67.309,-6880.80,-6.44,1.0148E-17,6,197.45,2.01E-01,598,3474000
288,1-Pentyne,1-pentyne,C5H8,627-19-0,eq2,82.805,-5683.80,-9.43,1.0767E-05,2,167.45,2.40E+00,481.2,4170000
289,2-Pentyne,2-pentyne,C5H8,627-21-4,eq2,137.29,-7447.10,-19.01,2.1415E-02,1,163.83,2.05E-01,519,4020000
290,Phenanthrene,phenanthrene,C14H10,85-01-8,eq2,72.958,-10943.00,-6.79,1.0850E-18,6,372.38,2.93E+01,869,2902000
291,Phenol,phenol,C6H6O,108-95-2,eq2,95.444,-10113.00,-10.09,6.7603E-18,6,314.06,1.88E+02,694.25,6059000
292,Phenyl-isocyanate,phenyl-isocyanate,C7H5NO,103-71-9,eq2,86.779,-8101.80,-9.53,6.1367E-06,2,243.15,4.33E+00,653,4063000
293,Phthalic-anhydride,phthalic-anhydride,C8H4O3,85-44-9,eq2,126.5,-12551.00,-15.00,7.7521E-06,2,404.15,7.90E+02,791,4734000
294,Propadiene,propadiene,C3H4,463-49-0,eq2,57.069,-3682.70,-5.57,6.5133E-06,2,136.87,1.83E+01,394,5218000
295,Propane,propane,C3H8,74-98-6,eq2,59.078,-3492.60,-6.07,1.0919E-05,2,85.47,1.68E-04,369.83,4214000
296,1-Propanol,1-propanol,C3H8O,71-23-8,eq2,84.6642,-8307.20,-8.58,7.5091E-18,6,146.95,4.28E-07,536.8,5170000
297,2-Propanol,2-propanol,C3H8O,67-63-0,eq2,96.094,-8575.40,-10.29,1.6665E-17,6,185.26,1.95E-02,508.3,4783000
298,Propenylcyclohexene,propenylcyclohexene,C9H14,13511-13-2,eq2,64.268,-7298.90,-5.91,4.8482E-18,6,199,2.48E-02,636,3130000
299,Propionaldehyde,propionaldehyde,C3H6O,123-38-6,eq2,80.581,-5896.10,-8.93,8.2236E-06,2,170,1.31E+00,504.4,4919000
300,Propionic-acid,propionic-acid,C3H6O2,79-09-4,eq2,54.552,-7149.40,-4.28,1.1843E-18,6,252.45,1.31E+01,600.81,4608000
301,Propionitrile,propionitrile,C3H5N,107-12-0,eq2,82.699,-6703.50,-9.15,7.5424E-06,2,180.26,1.69E-01,564.4,4191000
302,Propyl-acetate,propyl-acetate,C5H10O2,109-60-4,eq2,115.16,-8433.90,-13.93,1.0346E-05,2,178.15,1.71E-02,549.73,3366000
303,Propyl-amine,propyl-amine,C3H9N,107-10-8,eq2,58.398,-5312.70,-5.29,1.9913E-06,2,188.36,1.30E+01,496.95,4738000
304,Propylbenzene,propylbenzene,C9H12,103-65-1,eq2,91.379,-8276.80,-10.18,5.6240E-06,2,173.55,1.81E-04,638.35,3202000
305,Propylene,propylene,C3H6,115-07-1,eq2,43.905,-3097.80,-3.44,9.9989E-17,6,87.89,1.17E-03,364.85,4599000
306,Propyl-formate,propyl-formate,C4H8O2,110-74-7,eq2,104.08,-7535.90,-12.35,9.60E-06,2,180.25,2.11E-01,538,4031000
307,2-Propyl-mercaptan,2-propyl-mercaptan,C3H8S,75-33-2,eq2,60.43,-5276.90,-5.66,2.60E-17,6,142.61,9.73E-03,517,4752000
308,Propyl-mercaptan,propyl-mercaptan,C3H8S,107-03-9,eq2,62.165,-5624.00,-5.86,2.06E-17,6,159.95,6.51E-02,536.6,4627000
309,"1,2-Propylene-glycol","1,2-propylene-glycol",C3H8O2,57-55-6,eq2,212.8,-15420.00,-28.11,2.16E-05,2,213.15,9.29E-05,626,6041000
310,Quinone,quinone,C6H4O2,106-51-4,eq2,48.651,-7289.50,-3.45,1.01E-18,6,388.85,1.17E+04,683,5925000
311,Silicon-tetrafluoride,silicon-tetrafluoride,F4Si,7783-61-1,eq2,272.85,-9548.90,-40.09,6.37E-15,6,186.35,2.21E+05,259,3748000
312,Styrene,styrene,C8H8,100-42-5,eq2,105.93,-8685.90,-12.42,7.56E-06,2,242.54,1.06E+01,636,3823000
313,Succinic-acid,succinic-acid,C4H6O4,110-15-6,eq2,128.65,-16958.00,-13.87,2.16E-18,6,460.65,8.85E+02,806,4727000
314,Sulfur-dioxide,sulfur-dioxide,O2S,7446-09-5,eq2,47.365,-4084.50,-3.65,1.80E-17,6,197.67,1.67E+03,430.75,7860000
315,Sulfur-hexafluoride,sulfur-hexafluoride,F6S,2551-62-4,eq2,29.16,-2383.60,-1.13,0,0,223.15,2.30E+05,318.69,3771000
316,Sulfur-trioxide,sulfur-trioxide,O3S,7446-11-9,eq2,180.99,-12060.00,-22.84,7.24E-17,6,289.95,2.09E+04,490.85,8192000
317,Terephthalic-acid,terephthalic-acid,C8H6O4,100-21-0,eq2,248.72,-32238.00,-30.01,4.80E-06,2,700.15,4.57E+03,1113,3943000
318,o-Terphenyl,o-terphenyl,C18H14,84-15-1,eq2,110.52,-14045.00,-11.86,2.21E-18,6,329.35,4.14E-01,857,2974000
319,Tetradecane,tetradecane,C14H30,629-59-4,eq2,140.47,-13231.00,-16.86,6.59E-06,2,279.01,2.53E-01,693,1569000
320,Tetrahydrofuran,tetrahydrofuran,C4H8O,109-99-9,eq2,54.898,-5305.40,-4.76,1.43E-17,6,164.65,1.96E-01,540.15,5203000
321,"1,2,3,4-Tetrahydronaphthalene","1,2,3,4-tetrahydronaphthalene",C10H12,119-64-2,eq2,137.23,-10620.00,-17.91,1.45E-02,1,237.38,1.33E-01,720,3624000
322,Tetrahydrothiophene,tetrahydrothiophene,C4H8S,110-01-0,eq2,75.881,-6910.60,-7.95,4.43E-06,2,176.99,1.54E-02,631.95,5117000
323,"2,2,3,3-Tetramethylbutane","2,2,3,3-tetramethylbutane",C8H18,594-82-1,eq2,57.963,-5901.50,-5.20,9.13E-18,6,373.96,8.69E+04,568,2871000
324,Thiophene,thiophene,C4H4S,110-02-1,eq2,93.193,-7001.50,-10.74,8.23E-06,2,234.94,1.86E+02,579.35,5702000
325,Toluene,toluene,C7H8,108-88-3,eq2,76.945,-6729.80,-8.18,5.30E-06,2,178.18,4.75E-02,591.75,4080000
326,"1,1,2-Trichloroethane","1,1,2-trichloroethane",C2H3Cl3,79-00-5,eq2,54.153,-6041.80,-4.54,4.98E-18,6,236.5,4.47E+01,602,4447000
327,Tridecane,tridecane,C13H28,629-50-5,eq2,137.45,-12549.00,-16.54,7.13E-06,2,267.76,2.51E-01,675,1679000
328,Triethyl-amine,triethyl-amine,C6H15N,121-44-8,eq2,56.55,-5681.90,-4.98,1.24E-17,6,158.45,1.06E-02,535.15,3037000
329,Trimethyl-amine,trimethyl-amine,C3H9N,75-50-3,eq2,134.68,-6055.80,-19.42,2.86E-02,1,156.08,9.92E+00,433.25,4102000
330,"1,2,3-Trimethylbenzene","1,2,3-trimethylbenzene",C9H12,526-73-8,eq2,78.341,-8019.80,-8.15,3.90E-06,2,247.79,3.71E+00,664.5,3447000
331,"1,2,4-Trimethylbenzene","1,2,4-trimethylbenzene",C9H12,95-63-6,eq2,85.301,-8215.90,-9.22,4.80E-06,2,229.33,6.93E-01,649.1,3212000
332,"2,2,4-Trimethylpentane","2,2,4-trimethylpentane",C8H18,540-84-1,eq2,84.912,-6722.20,-9.52,7.22E-06,2,165.78,1.71E-02,543.8,2550000
333,"2,3,3-Trimethylpentane","2,3,3-trimethylpentane",C8H18,560-21-4,eq2,83.105,-6903.70,-9.19,6.47E-06,2,172.22,1.68E-02,573.5,2812000
334,"1,3,5-Trinitrobenzene","1,3,5-trinitrobenzene",C6H3N3O6,99-35-4,eq2,506.33,-37483.00,-69.22,2.74E-05,2,398.4,8.50E+00,846,3410000
335,"2,4,6-Trinitrotoluene","2,4,6-trinitrotoluene",C7H5N3O6,118-96-7,eq2,302,-24324.00,-40.13,1.74E-05,2,354,9.36E-01,828,3019000
336,Undecane,undecane,C11H24,1120-21-4,eq2,131,-11143.00,-15.86,8.19E-06,2,247.57,4.08E-01,639,1949000
337,1-Undecanol,1-undecanol,C11H24O,112-42-5,eq2,182.571,-17112.00,-22.13,1.13E-17,6,288.45,1.26E-01,703.9,2120000
338,Vinyl-acetate,vinyl-acetate,C4H6O2,108-05-4,eq2,57.406,-5702.80,-5.03,1.10E-17,6,180.35,7.06E-01,519.13,3930000
339,Vinyl-acetylene,vinyl-acetylene,C4H4,689-97-4,eq2,55.682,-4439.30,-5.01,1.97E-17,6,173.15,6.69E+01,454,4887000
340,Vinyl-chloride,vinyl-chloride,C2H3Cl,75-01-4,eq2,91.432,-5141.70,-10.98,1.43E-05,2,119.36,1.92E-02,432,5750000
341,Vinyl-trichlorosilane,vinyl-trichlorosilane,C2H3Cl3Si,75-94-5,eq2,54.571,-5561.50,-4.71,1.07E-17,6,178.35,3.54E-01,543.15,3058000
342,Water,water,H2O,7732-18-5,eq2,73.649,-7258.20,-7.30,4.17E-06,2,273.16,6.11E+02,647.096,21930000
343,m-Xylene,m-xylene,C8H10,108-38-3,eq2,85.099,-7615.90,-9.31,5.56E-06,2,225.3,3.18E+00,617,3528000
344,o-Xylene,o-xylene,C8H10,95-47-6,eq2,90.405,-7955.20,-10.09,5.96E-06,2,247.98,2.18E+01,630.3,3741000
345,p-Xylene,p-xylene,C8H10,106-42-3,eq2,88.72,-7741.20,-9.87,6.08E-06,2,286.41,5.76E+02,616.2,3501000
